rank,artists,title
1,EL FANTASMA,PALABRA DE HOMBRE
2,CHRISTIAN NODAL,SE ME OLVIDÓ
3,EL FANTASMA,ENCANTADORA
4,JOAN SEBASTIAN FT. CALIBRE 50,QUE SEA
5,JULION ALVAREZ,CUANDO TE AME
6,CALIBRE 50,SOLO TU
7,CHRISTIAN NODAL,AQUI ABAJO
8,BANDA LOS SEBASTIANES,A TRAVÉS DEL VASO
9,CALIBRE 50,POR QUÉ CAMBIASTE DE OPINIÓN
10,CHRISTIAN NODAL,NADA NUEVO
11,EL FANTASMA,BORRACHO DE COCHERA
12,PANCHO BARRAZA,POR QUE
13,CALIBRE 50,SIMPLEMENTE GRACIAS
14,JULION ALVAREZ,MAS TE RECUERDO
15,PANCHO BARRAZA,LA MUJER QUE AMO
16,JULION ALVAREZ,TE LO ESTOY AFIRMANDO
17,CHRISTIAN NODAL,NO TE CONTARON MAL
18,LA ADICTIVA BANDA SAN JOSE DE MESILLAS,ESCONDIDOS
19,VOZ DE MANDO,QUITATE LA CARETA
20,EL FANTASMA,EL CIRCO
21,CALIBRE 50,BARQUILLERO
22,EDWIN LUNA Y LA TRAKALOSA DE MONTERREY,ME HICISTE UN BORRACHO
23,"ALEJANDRO FERNANDEZ,CALIBRE 50",DECEPCIONES
24,BANDA MS,POR SIEMPRE MI AMOR
25,LA ADICTIVA BANDA SAN JOSE DE MESILLAS,LO QUE NUNCA SERA
26,REMMY VALENZUELA,QUE LEVANTE LA MANO
27,LA ARROLLADORA BANDA EL LIMÓN,NO HE LOGRADO APRENDER
28,BANDA LOS SEBASTIANES,CUANTO A QUE TE OLVIDO
29,REMMY VALENZUELA,MENTIRAS
30,"ALFREDO OLIVAS,JULION ALVAREZ",SIN MEMORIA
31,EDWIN LUNA Y LA TRAKALOSA DE MONTERREY,ME HUBIERAS AVISADO
32,JOSS FAVELA,YA NO QUIERO ANDAR CONTIGO
33,JARY FRANCO,DILE
34,BANDA MS,POR MI NO TE DETENGAS
35,LA ARROLLADORA BANDA EL LIMÓN,TU ERES LA RAZON
36,BANDA LOS RECODITOS,ESTO VA POR TI
37,ALDO TRUJILLO,"TODOS HABLAN,NADA SABEN"
38,EDWIN LUNA Y LA TRAKALOSA DE MONTERREY,NI MIL BORRACHERAS
39,BANDA CARNAVAL,OLVIDARTE COMO
40,LA ADICTIVA BANDA SAN JOSE DE MESILLAS,EL AMOR DE MI VIDA
41,JORGE MEDINA,ESPERO QUE TU
42,ALFREDO OLIVAS,MEDALLA DE PLATA
43,BANDA CARNAVAL,ESTA VEZ SOY YO
44,CHRISTIAN NODAL,DE LOS BESOS QUE TE DI
45,EL BEBETO,MI PERSONA PREFERIDA
46,CRISTIAN JACOBO,MEJOR RECUERDA
47,JORGE MEDINA,PORQUE TU LLEGASTE
48,LOS PLEBES DEL RANCHO DE ARIEL CAMACHO,TRES BOTELLAS
49,LOS PLEBES DEL RANCHO DE ARIEL CAMACHO,EN UN DIA COMO HOY
50,LA ARROLLADORA BANDA EL LIMÓN,AHORA QUE ME ACUERDO
51,LA ADICTIVA BANDA SAN JOSE DE MESILLAS,CON TODO INCLUIDO
52,BANDA CARNAVAL,SUEÑA
53,EL BEBETO,QUE TE DUELA MAS QUE A MI
54,JORGE MEDINA,ASI O MAS CLARO
55,LA ARROLLADORA BANDA EL LIMÓN,MIA DESDE SIEMPRE
56,"BANDA EL RECODO,DAVID BISBAL",GRACIAS POR TU AMOR
57,BANDA LOS RECODITOS,PERFECTA
58,PANCHO BARRAZA,UN SUEÑO
59,LOS HIJOS DE BARRON,PARA NO QUEDARTE MAL
60,BANDA MS,MEJOR ME ALEJO
61,ALFREDO OLIVAS,EL SILLON
62,BANDA LOS RECODITOS,TE DARÁN GANAS DE VERME
63,LA ARROLLADORA BANDA EL LIMÓN,CEDI
64,EL BEBETO,TE QUISE OLVIDAR
65,EDWIN LUNA Y LA TRAKALOSA DE MONTERREY,DORMIDA
66,LOS PLEBES DEL RANCHO DE ARIEL CAMACHO,MI SOLEDAD
67,LOS ROJOS,EL ALUMNO
68,ALFREDO OLIVAS,VOLVERA
69,LOS ROJOS,FUIMOS
70,LA ARROLLADORA BANDA EL LIMÓN,IGUAL
71,ALFREDO OLIVAS,A ESTAS HORAS
72,EL FANTASMA,EN EL CAMINO
73,FIDEL RUEDA,CADA QUIEN POR DONDE VINO
74,BANDA CARNAVAL,VAS A ESTAR BIEN
75,LA ARROLLADORA BANDA EL LIMÓN FT. ESPINOZA PAZ,TIENE RAZÓN LA LÓGICA
76,JOAN SEBASTIAN,HOY TENGO MIEDO
77,EDWIN LUNA Y LA TRAKALOSA DE MONTERREY,ES MUY IRRESPONSABLE
78,BANDA LOS SEBASTIANES,MI META CONTIGO
79,JARY FRANCO,NO ME ENSEÑASTE
80,SOMOS 3 FT. JULION ALVAREZ,SOÑE
81,JARY FRANCO,NO TE MIENTO
82,LOS HIJOS DE BARRON,MI ARREPENTIMIENTO
83,LOS DOS CARNALES,EL ENVIDIOSO
84,BANDA MS,NO ELEGÍ CONOCERTE
85,BANDA LA EJECUTIVA,DILE
86,EDWIN LUNA Y LA TRAKALOSA DE MONTERREY,TU NOMBRE
87,BANDA LOS SEBASTIANES,NO ME MIRES ASI
88,JOSS FAVELA,LA MAGIA DE TUS OJOS
89,BANDA EL RECODO,DE TI ME ENAMORE
90,DIEGO HERRERA,HASTA QUE CANTE EL GALLO
91,BANDA SELECTIVA DE ÁNGEL ROMERO EL TACUACHE FT. AHIJADOS DEL RANCHO,SOY EL INGE
92,BANDA EL RECODO FT EDITH MARQUEZ,TU ME OBLIGASTE
93,BANDA LA EJECUTIVA,NO ES NORMAL
94,GRUPO CAÑAVERAL,5 MINUTOS
95,BANDA LOS RECODITOS,ELEGISTE UN ERROR
96,RAYMIX FT. PAULINA RUBIO,TU Y YO
97,LOS TIGRES DEL NORTE,LA PRISION DE FOLSOM
98,ESPINOZA PAZ,TOMANDO ANDO
99,BANDA SELECTIVA DE ANGEL ROMERO EL TACUACHE,CON UN VASO DE AGUA
100,MARCO FLORES Y SU NUMERO 1 BANDA JEREZ,EL PISTOLERO
101,CALIBRE 50,TE VOLVERÍA A ELEGIR
102,DUELO,A PUNTO DE EMPEZAR
103,PESADO,EN CAMBIO ELLA
104,RAYMIX,TU ERES LA RAZON
105,LOS PERDIDOS DE SINALOA,NOMAS ESTE REY
106,ELSA RIOS,NO SERE YO
107,BANDA LOS SEBASTIANES,ME VOY A IR
108,CHAYIN RUBIO,LA DOSIS PERFECTA
109,JARY FRANCO,BIPOLAR
110,CALIBRE 50,CHALITO
111,LOS PLEBES DEL RANCHO DE ARIEL CAMACHO,SEGUN TUS LABIOS
112,EDWIN LUNA Y LA TRAKALOSA DE MONTERREY,SI YA NO ME QUIERES
113,LOS ROJOS,RUMBALE
114,LUPILLO FT JENNI RIVERA,QUE ME ENTIERREN CANTANDO
115,PESADO,ME SIGUE CALANDO
116,PANCHO BARRAZA,LA FUERZA DEL AMOR
117,LEANDRO RIOS,NI NOMBRE TENDRA
118,"BANDA TIERRA SAGRADA,ALANN MORA",EFECTO IRREVERSIBLE
119,GABRIEL VIVAL,PAJARILLO
120,BANDA TIERRA SAGRADA,NO ME FUE MUY BIEN CONTIGO
121,"LEANDRO RIOS,LOS NUEVOS FEDERALES",AUNQUE LE BESES LA BOCA
122,CALIBRE 50,MI SORPRESA FUISTE TU
123,"BANDA MS,SNOOP DOGG",QUE MALDICION
124,"LOS DE LA NORIA,CALIBRE 50",A LAS CUANTAS DECEPCIONES
125,"LEANDRO RIOS,MORENITO DE FUEGO",AMIGOS CON DERECHO
126,ALEJANDRO FERNANDEZ,TE OLVIDE
127,BETO ZAPATA,40 Y 21
128,"CHAYIN RUBIO,CRISTIAN JACOBO,NETO BERNAL,CHEYO CARRILLO",¿COMO TE ATREVES?
129,BETO ZAPATA,PERO TE VAS A ARREPENTIR
130,LUPILLO RIVERA,CUANDO ERAS MIA
131,"EDWIN LUNA Y LA TRAKALOSA DE MONTERREY,ADAN CONTERO",A LA VIDA LE APRENDI
132,DUELO,SI VOLVISTE A MI
133,LOS CALIZ,ME PROMETI
134,"LOS ANGELES AZULES,BELINDA",AMOR A PRIMERA VISTA
135,DIEGO HERRERA,MIL VECES
136,LOS PERDIDOS DE SINALOA,ESTAS PERDIDA
137,PESADO,ESTOY MEJOR SIN TI
138,BANDA EL RECODO,HUBIERA SIDO COMO TU
139,ALAN PINEDA,HASTA QUE NOS AMANEZCA
140,KIKIN Y LOS ASTROS,QUISIERA HABLAR DE TI
141,ALFREDO OLIVAS,EL DIA DE LOS MUERTOS
142,CHIQUIS RIVERA,ANIMATE Y VERAS
143,ESPINOZA PAZ,VANIDOSA
144,LEANDRO RIOS,SEÑORITA
145,RAYMIX,LLAMAME
146,LOS CARDENALES DE NUEVO LEON,PARTE DE MI HISTORIA
147,"LOS ANGELES AZULES,JULIETA VENEGAS",ACARIÑAME
148,"ALEJANDRO FERNANDEZ,MON LAFERTE",QUE SE SEPA NUESTRO AMOR
149,ELSA RIOS,DIVINA HASTA LA MUERTE
150,FIDEL RUEDA,TENGO GANAS
151,DIEGO HERRERA,EN TODOS LOS SENTIDOS
152,"KIKIN Y LOS ASTROS FT EDWIN LUNA,LOS PICADIENTES DE CABORCA",LA ORILLITA DEL MAR
153,ANA BARBARA,QUE POCA
154,LUIS ANGEL EL FLACO,REFLEXION
155,CARDENALES DE NL FT LOS CARNALES DE NL,QUE NADIE SEPA
156,CUARTO DE MILLA,MUY BONITA Y TODO
157,LOS CARNALES DE NUEVO LEON,PLAN B
158,ALEJANDRO FERNANDEZ,CABALLERO
159,"ANA BARBARA,CHRISTIAN NODAL",SOLOS
160,PEPE AGUILAR,FUE UN PLACER CONOCERTE
161,SAUL EL JAGUAR,PELLIZCAME
162,LUCERO,ME DESHICE DE TU AMOR
163,LOS CARDENALES DE NUEVO LEON,MI VIDA SIN TI
164,LOS PERDIDOS DE SINALOA,LO QUE YO SENTÍA
165,BANDA RENOVACION,NI QUE FUERAS LA MAS BUENA
166,FRANCISCO ELIZALDE,LAS 4 DE LA MAÑANA
167,GERARDO DIAZ Y SU GERARQUIA,NO QUISE DECIRLE
168,PIPE BUENO,SIN ROPA ERES MIA
169,CUARTO DE MILLA,AGARRO CAMINO
170,ARACELY ARAMBULA,MALAS NOTICIAS
171,LEGADO MYM,AHÍ TE QUEDAS CON TUS PENAS
172,BANDA RENOVACION,SUELE PASAR
173,"LOS ANGELES AZULES,ABEL PINTOS",Y LA HICE LLORAR
174,ELSA RIOS,EMBUSTERO
175,"ANA BARBARA,BRONCO",MI CORAZON
176,RAYITO COLOMBIANO,CANCHIS CANCHIS
177,LOS INQUIETOS DEL NORTE,MEXICO MEXICO
178,LEANDRO RÍOS FT. LORENZO DE MONTECLARO,YA BEBÍ
179,LOS CARNALES DE NUEVO LEON,SALUD CON AGUA
180,KIKIN Y LOS ASTROS,MALDITO VICIO
181,LA BANDONONONA CLAVE NUEVA,TE DESEO
182,JOVANNY CADENA Y SU ESTILO PRIVADO,YA NO QUEDA NADA
183,REGULO CARO,EL LUJO DE TENERTE
184,"ADRIEL FAVELA,GIOVANNY AYALA",NO TE ILUSIONES TANTO
185,AHIJADOS DEL RANCHO,MORI
186,"BANDA TIERRA SAGRADA,IMPERIO CALAVERA",ENTRE LO BUENO Y LO MALO
187,LOS INVASORES DE NUEVO LEON,LLEGO PARA QUEDARSE
188,SAUL EL JAGUAR,QUE TAL TE VA SIN MI
189,REGULO CARO,PIENSALO BIEN
190,ERNESTO SOLANO,EVA MARÍA
191,PABLO MONTERO,QUE ME DIGAN VIEJO
192,LOS CARNALES DE NUEVO LEON,NO SE QUE ME DISTE
193,LOS INVASORES DE NUEVO LEON,NO ME ARREPIENTO DE NADA
194,BANDA LA UNICA DEL RANCHO,CONVENCEME
195,BANDA RENOVACION,MUJER DE LA ESQUINA
196,LENIN RAMIREZ,ESTAS GANAS DE TOMAR
197,LUPILLO RIVERA,SALISTE LIVIANA
198,DIEGO HERRERA,LO QUE ME ENAMORA
199,"KIKIN Y LOS ASTROS,LEANDRO RIOS",ESPEJEANDO
200,LOS INVASORES DE NUEVO LEON,LA CASA EN VENTA
201,LEANDRO RIOS,A LAS CUANTAS HORAS?
202,KIKIN Y LOS ASTROS,MALDITA TRAICION
203,LOS CALIZ,NO SOY COMO TU
204,CUARTO DE MILLA,DOS BOTELLAS Y UN CIGARRO
205,PANCHO URESTI,DIME QUE NUMERO FUI
206,CRISTIAN JACOBO,CUANDO MENOS LO ESPERABA
207,LOS 2 DE LA S,LA MIRADA NUNCA MIENTE
208,LA GABBANA,ES MAS FACIL
209,LA ARROLLADORA BANDA EL LIMÓN,COMO SI YO FUERA PASTEL
210,CHAYIN RUBIO,YA ME ENTERE
211,CODIGO FN,ME GUSTAN ASI COMO TU
212,GABRIEL VIVAL,AGUANTATE
213,SAUL EL JAGUAR,POR AMOR A TI
214,LUCERO,A PESAR DE TODO
215,GRUPO CODICIADO,PARA QUE ME LAS DISTE
216,PIPE BUENO,CUPIDO FALLO
217,LOS INQUIETOS DEL NORTE,ENAMORADOS
218,LOS HURACANES DEL NORTE,YA DILE LA VERDAD
219,"ADRIEL FAVELA,JAVIER ROSAS",LA ESCUELA NO ME GUSTO
220,LOS YAGUARU,HABLARTE AL OIDO
221,BRONCO FT RICKY MUÑOZ,VOY A TUMBAR LA CASITA
222,BANDA MS,CERRANDO CICLOS
223,JENNI RIVERA,APARENTEMENTE BIEN
224,IMPERIO CALAVERA,EL PATROCINADOR
225,VIRLAN GARCIA,LLUVIA EN TUS PESTAÑAS
226,PABLO MONTERO,APRENDIMOS
227,BANDA SELECTIVA DE ANGEL ROMERO EL TACUACHE,A LA ORDEN PAL DESORDEN
228,LOS INVASORES DE NUEVO LEON,NO PODRIA OLVIDARTE
229,"CHRISTIAN NODAL,JUANES",TEQUILA
230,MARCO FLORES Y SU NUMERO 1 BANDA JEREZ,ATENTAMENTE TU PAPA
231,LOS HURACANES DEL NORTE,EL SAPO
232,LOS 2 DE LA S,EN PLURAL
233,VICENTE FERNANDEZ,YA NO INSISTAS CORAZON
234,BANDA TODO TERRENO,CORAZON
235,DIEGO HERRERA,VUELVE VUELVE
236,LA ADICTIVA BANDA SAN JOSE DE MESILLAS,EN PELIGRO DE EXTINCIÓN
237,ALAN PINEDA,EN LA TUMBA PA QUE
238,MARCO FLORES Y SU NUMERO 1 BANDA JEREZ,LA PARRANDA
239,BRONCO,ALGUIEN MEJOR QUE YO
240,LOS DOS CARNALES,VIDA VENTAJOSA
241,IMPACTO SINALOENSE,SORRY
242,ALFREDO OLIVAS,LA MEJOR DE LAS HISTORIAS
243,BETO VEGA FT. LA SEPTIMA BANDA,LA NUMERO 20
244,LA DECISIVA BANDA LOS MONTOYA,EL COMPA ICE
245,LA IMPONENTE VIENTOS DE JALISCO,QUÍTAME ESTE MIEDO
246,CLAUDIO ALCARAZ,UN PASATIEMPO
247,BANDA LA MISMA TIERRA,ES MEJOR SOLO
248,SAUL EL JAGUAR,TU TU TU (TAN SÓLO TU)
249,LA SEPTIMA BANDA,NOS VOLVIMOS A BUSCAR
250,GERARDO DIAZ Y SU GERARQUIA,EL MEJOR LUGAR
251,BRONCO,QUIERO PERDERME
252,GRUPO FIRME FT EL YAKI,CADA VEZ TE EXTRAÑO MÁS
253,GERARDO DIAZ Y SU GERARQUIA,EL ALBAÑIL
254,LOS TUCANES DE TIJUANA,LA CHONA CHALLENGE
255,BANDA TODO TERRENO,DESDE QUE TE CONOCÍ
256,BANDA TODO TERRENO,POR QUE VOLVISTE
257,LA IMPONENTE VIENTOS DE JALISCO,DESVÉLATE
258,LOS 2 DE LA S,ADIVINA QUE
259,LIRICOS JR,BESOS CLANDESTINOS
260,"YURIDIA,RIO ROMA,LA ADICTIVA BANDA SAN JOSE DE MESILLAS",YO TE PREFIERO A TI
261,LOS INQUIETOS DEL NORTE,NACI PARA SER FELIZ
262,BXS,TAN LEJOS
263,PANCHO URESTI FT. BETO VEGA,EL RANGO MAS ALTO
264,RAYITO COLOMBIANO,INSOPORTABLEMENTE BELLA
265,JUAN SALAZAR,TANTAS MUJERES
266,PANCHO URESTI,LA DESCONOCIDA
267,LA IMPONENTE VIENTOS DE JALISCO,A MI ESTILO
268,LOS INQUIETOS DEL NORTE,UNA VEZ MAS
269,LOS HURACANES DEL NORTE,ROSA DE CASTILLA
270,EL YAKI,Y ME LA VUELVES HACER
271,"ADRIEL FAVELA,CODIGO FN",MIAMI VIBE
272,ELIDIAN,HAGAMOS COSAS MALAS
273,"LA VENTAJA,ALFREDO OLIVAS",LOS INADAPTADOS
274,KIKIN Y LOS ASTROS,RETOMAR LA BORRACHERA
275,CARIN LEON,TU
276,PEPE AGUILAR,POR EL RUIDO Y POR LA LATA
277,EL YAKI,NOMAS ESTE REY
278,DUELO,PARA CREAR UN SOÑADOR
279,NATTI NATASHA,PA MALA YO
280,PAOLA PRECIADO,AL MODO
281,"BANDA SELECTIVA DE ANGEL ROMERO,AHIJADOS DEL RANCHO Y ARTISTAS INVITADOS",NO PIERDAS LA FE
282,ADAL LORETO,ENTERATE
283,LA LEYENDA,DERECHOS RESERVADOS
284,BANDA LA EJECUTIVA,EL DIA QUE ME FUI
285,LA FIRMA,DEMASIADO AMOR
286,BANDA LA MISMA TIERRA,CONTIGO SIEMPRE ESTARÉ
287,CLAUDIO ALCARAZ,NADIE ME CREE
288,NETO BERNAL,SI QUIERES
289,"DANNA PAOLA,SEBASTIAN YATRA",NO BAILES SOLA
290,DADDY YANKEE,CON CALMA
291,LA BANDONONONA RANCHO VIEJO,A 140
292,TINY Y KHEA,ELLA DICE
293,RAYITO COLOMBIANO,INSACIABLES
294,LOS NUEVOS ILEGALES,DICEN DE MI
295,ULISES CHAIDEZ,DILE LUNA
296,GRUPO FIRME,PIDEME
297,LOS SOCIOS DEL RITMO FT. SAMO,EL AÑO VIEJO
298,BANDA MS,QUIEN PIERDE MAS
299,IMPERIO CALAVERA,TE PARECES TANTO
300,BANDA LA EJECUTIVA,POR SI ME EXTRAÑAS
301,BANDA CUISILLOS,ESTAS HACIENDO TODO BIEN
302,LOS TUCANES DE TIJUANA,RANCHERO Y MEDIO
303,CRECER GERMAN,NO SOY NADIE
304,LA ORIGINAL BANDA EL LIMON,LO TIENES QUE SABER
305,LUIS ANTONIO LOPEZ EL MIMOSO,COMO QUIERES QUE ESTE
306,MARCO ANTONIO SOLIS,YO TE NECESITO
307,JORGE MEDINA,PERSONA TOXICA
308,LOS HURACANES DEL NORTE,CON EL ALMA BOHEMIA
309,GERARDO ORTIZ,OTRA BORRACHERA
310,PANCHO URESTI,DOLORES EN EL BURRO
311,JENNI RIVERA,ENGAÑEMOSLO
312,LA PODEROSA BANDA SAN JUAN,MALABARES
313,FIDEL RUEDA,SE COTIZA BIEN
314,BRUNO DE JESUS,SOY YO
315,LUIS ANTONIO LOPEZ EL MIMOSO,EXPECTATIVA Y REALIDAD
316,"LA EXPLOSIVA BANDA DE MAZA,EL BEBETO",QUIERES SER MI MUJER
317,LOS KASSINO DE CHUCHO PINTO,ME VA A DOLER
318,LOS INQUIETOS DEL NORTE,QUE ROLEN LOS VERDES
319,JUNIOR KLAN,EL WIFI
320,BANDA RANCHO VIEJO,LA MEJOR OPCION
321,LA IMPONENTE VIENTOS DE JALISCO,LA HISTORIA DE SIEMPRE
322,LEONARDO AGUILAR,TU MENDIGO RECUERDO
323,ALEX FERNANDEZ,TE AMARE
324,KEVIN ORTIZ,POBRE DIABLO
325,MARILYN ODESSA,LO MAL QUE ME TRATASTE
326,"LA SEPTIMA BANDA,BANDA LOS SEBASTIANES",SALUD
327,VOZ DE MANDO,MIENTES MUY BONITO
328,MALUMA,HAWAI
329,LOS CARDENALES DE NUEVO LEON,LUNATICO
330,LOS SOCIOS DEL RITMO CON DANIEL GUTIERREZ,AMOR DE INTERNET
331,J BALVIN,MORADO
332,BANDA LA MISMA TIERRA,TU LO QUISISTE ASI
333,LA ORIGINAL BANDA EL LIMON,DILE QUE TE DIJE
334,PEPE AGUILAR,NO VALE LA PENA
335,ALFREDO OLIVAS,EL ZOOLOGICO
336,LOS TUCANES DE TIJUANA,LA BUENA VIDA
337,CARIN LEON,ME LA AVENTE
338,LOS HURACANES DEL NORTE,QUE QUEDE ENTRE NOS
339,PEQUEÑOS MUSICAL FT. LA ARROLLADORA BANDA EL LIMON,2020 ROMANTICO INCURABLE / UN LOCO SOLITARIO
340,LOS ALEGRES DE LA SIERRA,CUANDO ABRAS LOS OJOS
341,BANDA LA MISMA TIERRA,LLORARE POR TI
342,LA SEPTIMA BANDA,TE HICIERON PARA MI
343,J BALVIN,REGGAETON
344,LOS SOCIOS DEL RITMO FT. CHIQUIS RIVERA,"TE EXTRAÑO,TE OLVIDO,TE AMO"
345,BANDA RANCHO VIEJO,GENTE DE RANCHO
346,VIRLAN GARCIA,TE MERECES
347,"LOS ANGELES AZULES,NATALIA LAFOURCADE",NUNCA ES SUFICIENTE
348,LOS KASSINO DE CHUCHO PINTO,DILE LA VERDAD
349,EL BEBETO,POR QUE DEJASTE QUE TE AMARA
350,"LOS ANGELES AZULES,LOS CLAXONS",ANTES QUE AL MIO
351,LA ZENDA NORTEÑA FT EL BEBETO,QUE SE ENTERE LA GENTE
352,DADDY YANKEE,QUE TIRE PA LANTE
353,LOS ANGELES DE CHARLY,YA ME ENTERE
354,"LA BANDONA DEL RANCHO,LOS BUITRES",PEGANDO EN GRANDE
355,PEDRO FERNANDEZ,COMO TE EXTRAÑO MI AMOR
356,LOS CALIZ,QUIEN DE LOS DOS
357,GONZALO MARTINEZ,DE TI APRENDI
358,BANDA MS,ALTAMENTE PROBABLE
359,LA INOLVIDABLE FT. LA IMPONENTE,NUNCA OLVIDARÉ
360,FANO GAXIOLA,NO TE VAS ARREPENTIR
361,"PELU RAMPIN,LOS BYBYS",ABSURDA CONFIDENCIA
362,NATTI NATASHA,QUE MAL TE FUE
363,SUENATRON,CUMBIA CALI
364,INTOCABLE,ME DUELES
365,LA FIRMA,DESDE QUE ESTAS CONMIGO
366,LA VICTORIA DE MEXICO,AY LA DEJAMOS
367,PIPO RODRIGUEZ,LA REMPUJADERA
368,LA SUPER CORONA DE RAFA BECERRA,LA SUERTE DEL MALO
369,AARON Y SU GRUPO ILUSION,CORAZON DE PAPEL
370,LOS CAPIS DE SINALOA,EL DEL PUEBLITO
371,VIRLAN GARCIA,QUIERO REINTENTARLO
372,AARON Y SU GRUPO ILUSION,YO TE PIDO AMOR
373,RODRIGO AGUILAR EL PANTERA,SE VA HACER O NO
374,MARIANA SEOANE,YA NO CABES EN MI VIDA
375,BRIAN SANDOVAL,LA ULTIMA VEZ
376,LUCKY BOSSI,POMPEO
377,LOS TITANES DE DURANGO,ME VOLVI A ENAMORAR
378,CORNELIO VEGA Y SU DINASTIA,HAZ LO QUE QUIERAS
379,BANDA PEQUEÑOS MUSICAL,COGIENDO LA MANO
380,LUIS ANTONIO LOPEZ EL MIMOSO,ADMITELO ACEPTALO
381,LA PODEROSA BANDA SAN JUAN,MIENTRAS TU ME LO PERMITAS
382,EL PANTERA DE CULIACAN,TE SIGO AMANDO
383,ALAN PINEDA,INVENTAME
384,"GRUPO FIRME,BANDA COLOSO",EL AMOR NO FUE PA MI
385,BANDA PEQUEÑOS MUSICAL,TODOS TENEMOS UN AMOR
386,LOS SOCIOS DEL RITMO FT MATUTE,POPURRI DE LAS CARRETAS
387,EXTERMINADOR,EL BAILE DE SANTA CLAUS
388,LA EXPLOSIVA BANDA DE MAZA,LAMENTO DECIRLE
389,SANTIAGO ARROYO,NO PUEDO NO LLORARTE
390,"JORGE DOMINGUEZ,RAYITO COLOMBIANO",ALINE
391,"LOS KASSINO DE CHUCHO PINTO,MISTER CHIVO",JUANA LA CUBANA
392,LA PODEROSA BANDA SAN JUAN,MIENTRAS NO ME BUSQUES
393,FANO GAXIOLA,LA MEJOR VERSION DE MI
394,CLAUDIO ALCARAZ,YO ME ACOPLO
395,LENIN RAMIREZ FT GRUPO FIRME,YO YA NO VUELVO CONTIGO
396,INTOCABLE,TU SOLEDAD Y LA MÍA
397,LOS CAPIS DE SINALOA,EL PERSEVERANTE
398,"GRUPO FIRME,BANDA LA SINALOENSE DE ALEX OJEDA",DECIDE TU
399,LUIS ANTONIO LOPEZ EL MIMOSO,EN ESTA VIDA NO SE PUDO
400,JUNIOR KLAN,A SANGRE FRIA
401,"JUANES,LALO EBRATT",LA PLATA
402,LA SUPER CORONA DE RAFA BECERRA,YA DECIDETE
403,LENIN RAMIREZ,CONTRA MIS PRINCIPIOS
404,GIOVANNI AYALA,A CUANTO ME QUEDE
405,"EDWIN LUNA Y LA TRAKALOSA DE MONTERREY,ARTURO JAIMES",CULPABLE O NO
406,GERARDO ORTIZ,EGOISTA
407,"BANDA SANTA Y SAGRADA,EDWIN LUNA Y LA TRAKALOSA DE MONTERREY",LA REINA DE MI ALMA
408,LA BANDONONONA RANCHO VIEJO,LO QUE DAS RECIBIRÁS
409,LOS YAGUARU,YA NO LLUEVE EN MI
410,PESADO,LE DI
411,FANO GAXIOLA,LA COLORETEADA
412,REMMY VALENZUELA,TE INVITO
413,LOS BUITRES,DESPUÉS DE TI
414,LIBAN GARZA,DE LA MANO CONTIGO
415,"KAROL,NICKI MINAJ",TUSA
416,"ALEJANDRO FERNANDEZ,VICENTE FERNANDEZ",MENTI
417,SECH FEAT DARELL,OTRO TRAGO
418,RAMON RODRIGUEZ EL RR,INVERTIR LOS PAPELES
419,ANUEL AA. ENRIQUE IGLESIAS,FUTBOL Y RUMBA
420,"NICKY JAM,DADDY YANKEE",MUEVELO
421,FERNANDO GIL,COMO DICES TU
422,OZUNA,CARAMELO
423,LILA DOWNS,CARIÑITO
424,LUCIANO PEREYRA FT LUCERO,COMO TU
425,ELIDIAN,UNA NOCHE DE FIESTA
426,LOS LIRICOS JR. FT. IMPERIO CALAVERA,TU PERFUME
427,"LOS 2 DE LA S,BANDA MS",SOMOS LO QUE SOMOS
428,LOS CARDENALES DE NUEVO LEON,SORPRENDEME
429,MONTEZ DE DURANGO,SE TE OLVIDO
430,GRUPO ARRANKE,A TRAVES DEL VASO
431,KIKIN Y LOS ASTROS,HOY QUE TE PIERDO
432,"SHAKIRA,ANUEL AA",ME GUSTA
433,LOS CARDENALES DE NUEVO LEON,COMPRE UNA CANTINA
434,CHICO CHE CHICO,MACORINA
435,"LOS ANGELES AZULES,MIGUEL BOSE",MORIR DE AMOR
436,LOS VALEDORES DE LA SIERRA,PROMESAS
437,TAVO ESCALANTE,UN NUEVO AMOR
438,"RAYMIX,JUANES",OYE MUJER
439,"NATTI NATASHA,ROMEO SANTOS",LA MEJOR DE MI REMIX
440,PAOLO RUBBOLI,PASASTEUN RATITO
441,LOS SUPER CARACOLES,EL DE LA TANGUITA ROJA
442,ENIGMA NORTEÑO,LA GENTE DE AHORA
443,"WISIN Y YANDEL,ROMEO SANTOS",AULLANDO
444,ALEX RUIZ,YO NO ME ENAMORO
445,ALEX RUIZ,CACHETEA
446,JUNIOR KLAN,COLON ERA SOLTERON
447,AARON Y SU GRUPO ILUSION,RAZON
448,"BANDA TIERRA SAGRADA,PANCHO URESTI",DE CUALQUIER MODO
449,CHICO CHE CHICO FT. LOS SOCIOS DEL RITMO,NI TAN GORDA NI TAN FLACA
450,LOS SUPER CARACOLES,ME GUSTAS
451,FIEVRE LOOKA,POR CUANTO ME LO DAS
452,GERMAN MONTERO,A TRAVES DEL VASO
453,DIABLOS LOCOS FT. FERNANDO GIL,MEJOR QUE EL (QUEDATE CON EL)
454,BLANCO Y NEGRO,VIVA EL AMOR
455,LOS YAGUARU,MALDITA TRAICION
456,MARILYN ODESSA,Y NO ME EQUIVOQUE
457,LA ORIGINAL BANDA EL LIMON,AMANDOTE
458,"CARLO MORA,ALAN PINEDA",TRES BOTELLAS
459,LOS BUKIS,NAVIDAD SIN TI
460,SIGGNO,YO TE AMO
461,PURO REYES,AVENTURERO
462,LOS DE LA VAINILLA,TU CELULAR
463,GIOVANNI AYALA,PA QUE NO TE ANDEN CONTANDO
464,"LEANDRO RIOS,LOS CARNALES DE NUEVO LEON",SI EXTRAÑAS AL VIEJO
465,LOS ROJOS,ESO SERIAMOS NOSOTROS
466,BANDA PEQUEÑOS MUSICAL,DAMELO
467,MALUMA,AMOR DE MI VIDA
468,LOS VALEDORES DE LA SIERRA,DEJATE AMAR
469,BLANCO Y NEGRO,LA PROBADITA
470,NELSON KANZELA,CON UNA CERVEZA
471,NELSON KANZELA,BIEN QUE QUIERE
472,CORNELIO VEGA Y SU DINASTIA,FUE UN ERROR AMARTE
473,"JUANES,SEBASTIAN YATRA",BONITA
474,PAOLO RUBBOLI,La Loca Ramona
475,FERNANDO GIL,QUIERO DECIRTE
476,INTOCABLE,NO VAN A ENTENDER
477,LOS 2 DE LA S,DE FIESTA
478,FANO GAXIOLA,OJALA
479,GRUPO CORPORACIÓN,LARGATE Y NO VUELVAS
480,JUNIOR KLAN,CUMBIA CON ACORDEON
481,JORGE DOMINGUEZ Y SU GRUPO SUPER CLASS,INFIEL
482,DADDY YANKEE FT SECH,DEFINITIVAMENTE
483,LA ZENDA NORTEÑA,NO LO MERECES
484,LORENZO MENDEZ,IMPERFECTAMENTE PERFECTA
485,CESAR CERECERES,SE TE NOTA
486,LOS YAGUARU,ANTÍDOTO
487,GERARDO CORONEL,QUE QUIERES
488,MARCO ANTONIO SOLIS,NO ME ARREPIENTO
489,MARILYN ODESSA,TE VA A FALTAR
490,GUIDO G FT LEOSHIN,DÉJAME
491,GRUPO G,PERDÓN
492,LA ORIGINAL BANDA EL LIMON,ALGO OFICIAL
493,NELSON KANZELA,LA GUITARRA Y LA MUJER
494,MELISSA,A PUROS BESOS
495,DAVID AVILA,TU VENENO
496,BLANCO Y NEGRO,BOTA LA BATA
497,GRUPO DELTA,TE VA A DOLER
498,FIEVRE LOOKA,CUANDO TE PERDI PERDI
499,"CARLOS RIVERA,NATALIA JIMENEZ",EL DESTINO
500,ROSALIA,TKN
501,BLANCO Y NEGRO,EL SABOR DE TU TRAICION
502,LOS TIGRES DEL NORTE,UN CONSENTIDO DE DIOS
503,LOS SUPER CARACOLES,HOY ES VIERNES Y EL CUERPO LO SABE
504,LOS DE LA VAINILLA,LA FAMILIA
505,BANDA EL RECODO,LA MEJOR DE TODAS
506,"SUPER LAMAS,ALEKS SYNTEK",CORAZONES INVENCIBLES
507,OZUNA,FANTASIA
508,MELISSA,"QUE TAL SI,SI"
509,SANGRE FELINA,SIN FORTUNA
510,MANUEL TURIZO,QUIEREME MIENTRAS SE PUEDA
511,BANDA MS,EL COLOR DE TUS OJOS
512,LOS CHICOS AVENTURA,LA CHICA PICOSITA
513,LOS HEREDEROS DE NUEVO LEON,TE VOY A DAR LA REVANCHA
514,SUPER LAMAS FT RAYMIX,TODO LO ENCUENTRO EN TI
515,HERMANOS VEGA JR,Y COMO QUIERES QUE TE QUIERA
516,TERCERO A FT RAYITO COLOMBIANO,DEJAME VIVIR
517,BANDA ARRIBA MI SINALOA,EL ALBOROTAO
518,BANDA LOS RECODITOS,DI
519,"PISO 21,CHRISTIAN NODAL",PA OLVIDARME DE ELLA
520,GERARDO DIAZ Y SU GERARQUIA,PA LOS MAL AGRADECIDOS
521,JUNIOR KLAN,NIÑA
522,MI BANDA EL MEXICANO GERMAN ROMAN FT VOZ DE MANDO,MAMBO LUPITA
523,"SUENATRON,JONAZ",COMPAS
524,"LOS SOCIOS DEL RITMO,ALEXANDER ACHA",LLORAR
525,BETO PEÑA,EL QUEMADO
526,EXTERMINADOR,LA LLAMADA
527,BLANCO Y NEGRO,Y ME VOLVI A ENAMORAR
528,LOS SUPER CARACOLES,BAILE CALLEJERO
529,FERNANDO CORONA,PROVOCAME
530,SIMON LEON,SOLO TU
531,ALEX FERNANDEZ,ESTA VIDA (QUE BONITA ES ESTA VIDA)
532,GIOVANNI AYALA,DESCONOCIDOS
533,LA SEPTIMA BANDA,SALUD
534,JORGE DOMINGUEZ Y SU GRUPO SUPER CLASS,DÓNDE ESTÁS CARIÑO MÍO
535,PEDRO FERNANDEZ,ME ENAMORE DE UNA MUJER CASADA
536,BANDA TIERRA MOJADA,Y ME PREGUNTO POR QUE
537,DENISSE DE KALAFE,SEÑORA SEÑORA
538,EL PODER DEL NORTE,FRENTE A FRENTE
539,EL SUPER SHOW DE LOS VASKEZ,JUGUITO DE PIÑA VERSIÓN CUMBIA URBANA DE CRUZ MARTÍNEZ
540,LOS HURACANES DEL NORTE,ES PARTE DEL SHOW
541,EMIR PABON,SWING
542,"ANA BARBARA,PAQUITA LA DEL BARRIO",EL CONSEJO
543,CHUY LIZARRAGA,ME HACIAN FALTA HUEVOS
544,"LEANDRO RIOS,LOS NUEVOS FEDERALES",EL MAL PORTADO
545,LOS ROJOS,VIUDA NEGRA
546,ELIDIAN,SINCERO AMOR
547,BANDA PEQUEÑOS MUSICAL,TENEMOS HISTORIA
548,LOS KASSINO DE CHUCHO PINTO,EL AÑO VIEJO
549,FIEVRE LOOKA,LA RAJITA DE CANELA
550,FIEVRE LOOKA,UN BESITO
551,NELSON KANZELA,"AH PERO ANOCHE ""LA CHABELA"""
552,LOS TIGRILLOS,VEN VEN VEN
553,BANDA LA TREVIÑOSA,DON DIABLO
554,BANDA CARNAVAL,SEGUNDA OPCION
555,BANDA BG,HABLALE DE MI
556,ELIDIAN,POR SIEMPRE EN MI CORAZON
557,"LIBAN GARZA,BANDA LA EJECUTIVA",LOS PAPIS
558,LA ARROLLADORA BANDA EL LIMÓN,CALIDAD Y CANTIDAD
559,SIGGNO,QUE DIABLOS PENSABAS
560,RUBY ESCOBAR,NI POR COSTUMBRE NI POR AMOR
561,DON CHAYO,ESO DOLIO
562,LOS YAGUARU,UN AMOR BONITO
563,PESADO,MI PRIMER AMOR
564,LA EXPLOSIVA BANDA DE MAZA,EL TRAIDOR
565,"CHRISTIAN NODAL,SEBASTIAN YATRA",ESTA NOCHE
566,GLORIA TREVI,HIJOEPU
567,"LOS ANGELES AZULES,GLORIA TREVI",DR. PSIQUIATRA
568,BANDA ESTRELLAS DE SINALOA DE GERMAN LIZARRAGA,QUE NO PARE LA FIESTA
569,CELSO PIÑA,CUMBIA SOBRE EL RIO
570,EL TIGRILLO PALMA,TE VAS
571,LA BANDA ALTA POTENCIA DE ZACATECAS FT. CESAR CERECERES,SOLTERO Y SIN COMPROMISO
572,BANDA BG,QUE BUENA SUERTE
573,LEANDRO RIOS,MISMO DESEO
574,BANDA MS,TU POSTURA
575,HUGO FERNANDEZY PURO REYES FEAT. JUAN SOLO,EXTRAÑO TUS MENTIRAS
576,EL PODER DEL NORTE,YO QUE NO VIVO SIN TI
577,BANDA MS,ALREDEDOR DEL ARBOL DE NAVIDAD
578,HUGO FERNANDEZ Y PURO REYES,ESE NO ES MEJOR QUE YO
579,PESADO,HABLA EL PASADO
580,"CARIN LEON,CONJUNTO PRIMAVERA",EL AMOR DE TU VIDA
581,"DALEX,SECH",MEJOR
582,RUBEN VEGA,LERO LERO
583,CHRISTIAN NODAL,ADIOS AMOR
584,LOS TITANES DE DURANGO,YO QUIERO UN SHOT
585,EL BEBETO,SEREMOS
586,BANDA PEQUEÑOS MUSICAL,EL AMOR NO FUE PA' MI
587,VIRLAN GARCIA,EN DONDE ESTA TU AMOR
588,LA BANDONONONA BANDA RANCHO VIEJO FT. CARLOS SARABIA,A CUANTO ME QUEDE
589,COQUILLO RIVERA,COMO TE DESEO
590,LA SUPER CORONA DE RAFA BECERRA,ME ENCANTAS
591,"LITZY COVARRUBIAS,SANGRE FELINA","SI PIENSAS,SI QUIERES"
592,CESAR CERECERES,RECUERDOS DEL RANCHO
593,FERNANDO GIL FT ALEX MANGA,ME VAS A MATAR
594,ULICES CHAIDEZ Y SUS PLEBES,QUE BONITO ES QUERER
595,"NICKY JAM,OZUNA",TE ROBARE
596,JUNIOR KLAN,TODO EL MUNDO PA´CA
597,"BANDA EL RECODO,GERARDO ORTIZ",MI VICIO MAS GRANDE
598,BANDA PELILLOS,DECÍDETE
599,"SECH,OZUNA",SI TE VAS
600,FIEVRE LOOKA,"LA ESTRELLA,LA UNICA ESTRELLA"
601,LOS BUKIS,TE AMO MAMA
602,"GRUPO VERSAX,BERENI-C",YA NO VIVES EN MI
603,MI BANDA EL MEXICANO GERMÁN ROMAN FT LOS TITANES DE DURANGO,"Feliz,Feliz"
604,LOS FUMANCHEROS,CIELO
605,DIEGO VERDAGUER,DESVELADO
606,HOMENAJE NORTEÑO,ESE TIPO SOY YO
607,LA SONORA DINAMITA FT. MON LAFERTE,QUE NADIE SEPA MI SUFRIR
608,MALUMA,HP
609,RUBY ESCOBAR,DUELE AMAR
610,NELSON KANZELA,VENGO BIEN CONTENTO
611,LA SEPTIMA BANDA,POR QUE ME CELAS
612,CUARTO DE MILLA,PENSANDO EN TI
613,BANDA LA TREVIÑOSA,SE CAMBIARON LOS PAPELES
614,BANDA TERRONES,SE ME HIZO VICIO
615,LOS 2 DE LA S,PERDON PERDON
616,LA INOLVIDABLE BANDA AGUA DE LA LLAVE,NO VA SER FACIL
617,EL PEGA PEGA DE EMILIO REYNA,PERO AUN TE AMO
618,LOS TIGRILLOS FT. ANAIDITA,ME ENAMORO DE TI
619,"NATANAEL CANO,BAD BUNNY",SOY EL DIABLO
620,DIABLOS LOCOS,ESTADO CIVIL
621,CHUY LIZARRAGA,EL PISTO ES PRIMERO
622,SAUL EL JAGUAR,ESCLAVO Y AMO
623,"MAXIMO GRADO,JESUS OJEDA",DESDE ABAJO
624,J BALVIN,LA CANCION
625,BANDA FORTUNA,SOLO PARA RECORDARTE
626,LOS RELAMPAGUITOS,AYER LA VI POR LA CALLE
627,GRUPO DELTA,ME VOY
628,"MANUEL ROMERO,HORACIO PALENCIA",MI PREMIO O MI CASTIGO
629,BLANCO Y NEGRO,NO SALGAS DE CASA POR EL CORONAVIRUS
630,GRUPO FIRME,TUSA EN VIVO
631,ANUEL AA,KEII
632,LOS CHERREÑOS DE SINALOA,NO QUERIAS LASTIMARME
633,LIBAN GARZA,AHÍ TE VES
634,LOS CHICOS AVENTURA,AHORA QUE TE VAS
635,LOS TIGRILLOS,EL ENFERMITO
636,BANDA MS,MI RAZON DE SER
637,PABLO MONTERO,SI VAS A AMARME
638,SAN LUISITO NORTE,EL SECRETO
639,LOS GFEZ,NI FU NI FA
640,ALFREDO OLIVAS,ANTECEDENTES DE CULPA
641,PURO REYES,AMIGOS CON DERECHO
642,LOS HURACANES DEL NORTE,NAVIDAD EN MI RANCHO
643,TAPY QUINTERO,NO VUELVE A SUCEDER
644,BANDA ESTRELLAS DE SINALOA DE GERMAN LIZARRAGA,MUCHAS GRACIAS
645,LOS GFEZ,ALGO BIEN
646,VICENTE FERNANDEZ,VIEJO MI QUERIDO VIEJO
647,"ADELA FERNÁNDEZ ""LA GALLERA""",CÓMO TE ATREVES
648,EL PODER DEL NORTE,ME ENAMORE DE USTED
649,GABRIEL VIVAL,CUENTALE
650,BANDA RANCHO VIEJO,ME VALE PERDERTE
651,LEX,EL MALA COPA
652,"KIKIN Y LOS ASTROS,LA H NORTEÑA",NO SABIA
653,"EL FANTASMA,LOS DOS CARNALES",CABRON Y VAGO
654,FABIAN MURILLO,SI EL DESTINO
655,EXTERMINADOR,EL REGRESO DE LAS MONJITAS
656,DANIYYEL VALENZUELA,REGRESA MI AMOR
657,SUPER LAMAS,YO QUIERO CHUPAR
658,CHRISTIAN NODAL,AMOR TOXICO
659,LOS RELAMPAGUITOS,YO COMENCE LA BROMA
660,SAN LUISITO NORTE,TU SIN MI
661,LOS GILES,CUMBIA DEL SOL
662,LOS RELAMPAGUITOS,NO TENGO DINERO
663,BANDA PEQUEÑOS MUSICAL,TENEMOS HISTORIA (ACUSTICO)
664,LOS TIGRES DEL NORTE,NAVIDAD DE LOS POBRES
665,LA ADICTIVA BANDA SAN JOSE DE MESILLAS,TE DIRAN
666,LOS ELEMENTOS DE CULIACAN,VALE LA PENA
667,PEDRO CAPO,CALMA
668,TOÑO LIZARRAGA,LA TONTA ALEGRE
669,LAS FENIX,TU REFLEJO
670,PEDRO FERNANDEZ,NO SIENTO MAS DOLOR
671,"J BALVIN,MALUMA",QUE PENA
672,VALENTIN ELIZALDE,VETE YA
673,ELIDIAN,ERES MI RESPIRO
674,ULISES QUINTERO,EL ATRABANCADO
675,BANDA PLAYA GRANDE,LO DEJAMOS PARA NUNCA
676,EL BEBETO,HICIMOS CLICK
677,MI BANDA EL MEXICANO,RAMITO DE VIOLETAS
678,LA ADICTIVA BANDA SAN JOSE DE MESILLAS,DESPUES DE TI QUIEN
679,JORGE ALMIR,EL CIGARRITO
680,"EDEN MUÑOZ,ALFREDO OLIVAS,C KAN,PANCHO BARRAZA,LA ARROLLADORA,BANDA EL LIMON",CORAZON VERDE
681,MARCO FLORES Y SU NUMERO 1 BANDA JEREZ,EL CORONAVIRUS
682,JULION ALVAREZ,LA SONRISA OBLIGATORIA
683,ALEJANDRO FERNANDEZ,EL TIEMPO NO PERDONA
684,LOS MIER,HOY VI A SANTA CLAUS BESAR A MAMA
685,CHRISTIAN NODAL,TE FALLE
686,EL PODER DEL NORTE,ROSA Y ESPINA
687,LOS CARDENALES DE NUEVO LEON,QUE NADIE SEPA
688,LA ARROLLADORA BANDA EL LIMÓN,ENTRE BESO Y BESO
689,FRANCISCO ELIZALDE,NO QUERIA ENGAÑARTE
690,ALISON SOLIS,EXTRAÑANDOTE
691,JOVANNY CADENA Y SU ESTILO PRI,ASI QUERIA MIRARTE
692,"CARLOS RIVERA,BECKY G,PEDRO CAPO",PERDIENDO LA CABEZA
693,PEDRO FERNANDEZ,COMO ELLA
694,ALEJANDRO FERNANDEZ,CUANDO YO QUERIA SER GRANDE
695,PANCHO BARRAZA,MI ENEMIGO EL AMOR
696,CHRISTIAN NODAL,AYAYAY
697,BANDA LA DELICTIVA,ALGUIEN COMO TU
698,ROBERTO JR Y SU BANDEÑO,FABULOSO
699,KUMBIAMBEROS RS,AGACHADITA
700,CRECER GERMAN,QUIEN TE ENTIENDE
701,MONTEZ DE DURANGO,EL HIJO AUSENTE
702,BANDA LOS SEBASTIANES,INDELEBLE
703,EL FANTASMA,EL CORRIDO DEL NANO
704,VICENTE FERNANDEZ,EN LA CARCEL DE TU ADIOS
705,LAS FENIX,UN TRAGUITO DE TEQUILA
706,"JUNIOR KLAN,SUPER LAMAS",LA CUMBIA DE LA PAZ
707,LA ORIGINAL BANDA EL LIMON,EL PRESENTE ES LO QUE CUENTA
708,PANCHO BARRAZA,Y LAS MARIPOSAS
709,ARIEL CAMACHO Y LOS PLEBES DEL RANCHO,TE METISTE
710,BLANCO Y NEGRO,LA DE 40
711,LA BANDONONONA CLAVE NUEVA,CUAL ADIOS
712,FABIAN MURILLO,SI ME DEJAS POR ELLA
713,JOVANNY CADENA Y SU ESTILO PRIVADO,QUIERO LLORAR Y NO PUEDO
714,LOS ANGELES AZULES,17 AÑOS
715,ALFREDO OLIVAS,EL PACIENTE
716,LOS TIGRILLOS,LA TURBULENCIA
717,GRUPO JALADO,TONTO CORAZON
718,EDWIN LUNA Y LA TRAKALOSA DE MONTERREY,DIME QUE SI
719,TAVO ESCALANTE,PERFECTA Y VACIA
720,JOAN SEBASTIAN,SE VA A ARREPENTIR
721,CRISTIAN JACOBO,YA TIENE NOVIO MI EX
722,BANDA SAUCITOS,SOY LO QUE QUIERO
723,LOS HEREDEROS DE NUEVO LEON,QUE BONITA CHAPARRITA
724,CALIBRE 50,SIEMPRE TE VOY A QUERER
725,LOS DE LA S,EL VERBON
726,GRUPO VARONIL,YA PEGO EL MUDO
727,MALUMA,MALA MIA
728,BANDA CUISILLOS,ELLA BAILA SOLA
729,REMMY VALENZUELA,MI PRINCESA
730,BANDA MS,NOCHE DE PAZ
731,GENTE DE MAZA,SOBRE LA MESA
732,DALIA HARO,DIAS DE AYER
733,COLMILLO NORTEÑO,EL ESTRES
734,PRESSIADO,LA REYNALDA
735,BANDA LOS RECODITOS,TRES RECUERDOS
736,MARIANA SEOANE,LA CHISMEADERA
737,BANDA LA TRAKALOSA,BORRACHO DE AMOR
738,LA IMPONENTE VIENTOS DE JALISCO,HOY ME VOY A RELAJAR
739,"AREA 669,EL CHAPO DE SINALOA",POR QUE NO ME DEJAS IR COMPLETO
740,BANDA PUNTO MEDIO,Y SI ME REGALAS
741,SONORA DE ANAIDITA,LIBRE Y SOLTERITA
742,JOSE JOSE,EL TRISTE
743,GRUPO AROMA,ME EMBORRACHARE
744,EL PLAN,TU AMOR ES UNICO
745,VIRLAN GARCIA,POR TU FELICIDAD
746,BANDA PEQUEÑOS MUSICAL,DAME EL CELULAR
747,"SUPER LAMAS,PEDRO FERNANDEZ",LA PELUSA
748,JULION ALVAREZ,AFUERA ESTA LLOVIENDO
749,TOÑO LIZARRAGA,UNA MORRA FORMAL
750,VICTOR JIMENEZ,TENGO GANAS
751,BANDA ESTRELLAS DE SINALOA DE GERMAN LIZARRAGA,EL HEREDERO
752,RAYMIX,TE FUISTE
753,BANDA LA EJECUTIVA,CON AMOR O CORAJE
754,GERARDO ORTIZ,PARA QUE LASTIMARME
755,LUIS ANTONIO LOPEZ EL MIMOSO,TIPICO CLASICO
756,LOS HERMANOS VEGA,LA ESPINITA
757,LOS DE LA VAINILLA,NO ME DEJES SIN TI
758,LOS TUCANES DE TIJUANA,LA CHONA
759,"CHICO CHE CHICO,HUGO FERNANDEZ",EL RESTAURANTITO
760,LOS ROJOS,AQUÍ SE VINO A PISTEAR
761,LOS RELAMPAGUITOS,DAME UNA RAZON
762,"REIK,WISIN Y YANDEL",DUELE
763,BANDA LOS SEBASTIANES,EN ESO NO QUEDAMOS
764,ESLABON ARMADO,CON TUS BESOS
765,BANDA LA TRAKALOSA,BROCHE DE ORO
766,INTOCABLE,QUEDATE CONMIGO
767,BANDA MS,NO ME PIDAS PERDON
768,JULION ALVAREZ,OJOS VERDES
769,"ALFREDO OLIVAS,EL FANTASMA",EL ZOOLOGICO
770,OSCAR BAKANO Y SU GRUPO JALADO,LA VENTANA (AMANECIÓ LLOVIENDO)
771,FIDEL RUEDA,NO SE COMO PAGARTE
772,BANDA LOS RECODITOS,MI ULTIMO DESEO
773,"HORACIO PALENCIA,ABBEL",RECHULA
774,EDWIN LUNA Y LA TRAKALOSA DE MONTERREY,FIJATE QUE SI
775,PANCHO BARRAZA,QUE TE PASO
776,PEPE AGUILAR,PORQUE YO TE AMO
777,"GENTE DE MAZA,BANDA LEGAL",LA MAS BONITA DEL RANCHO
778,BANDA MS,MI MAYOR ANHELO
779,CALIBRE 50,MITAD Y MITAD
780,BANDA PLAYA GRANDE,LUNA LLENA
781,"HUGO FERNANDEZ,PURO REYES",MAMBO PUÑALON
782,MI BANDA EL MEXICANO GERMÁN ROMAN FT FRANCISCO EL GALLO ELIZALDE,ADIÓS Y BUENA SUERTE
783,"GRUPO G,LOS KASSINO DE CHUCHO PINTO",PARA TI CON AMOR (BRINDAME UNA COPA)
784,CRECER GERMAN,AMOR SINCERO
785,CHRISTIAN NODAL,NACE UN BORRACHO
786,LARRY HERNANDEZ,LLORAR
787,KUMBIAMBEROS RS,ERAS
788,BANDA MS,HERMOSA EXPERIENCIA
789,CLAUDIO ALCARAZ FT. MI BANDA EL MEXICANO DE GERMAN ROMAN,RAMITO DE VIOLETAS
790,JOAN SEBASTIAN,TATUAJES
791,ISAIAS LUCERO,ME ESTOY ACOSTUMBRANDO A TI
792,REMMY VALENZUELA,LOCO ENAMORADO
793,BANDA TIERRA SAGRADA,EL SHOT
794,VICTOR JIMENEZ,TU ME GUSTAS
795,"LOS HIJOS CON SENTIMIENTO DEL PUEBLO DE SAMUEL CASTELI,LOS VILLANOS DEL SABOR",EL BOTECITO 2018
796,BANDA MS,PIENSALO
797,BANDA MS,TENGO QUE COLGAR
798,LOS PRIMOS MX,MI BELLO ANGEL
799,LA PODEROSA BANDA SAN JUAN,PASITO PERRON
800,LOS TIGRES DEL NORTE,LA PUERTA NEGRA
801,BANDA MS,ES HORA DE UNIRNOS
802,FANO GAXIOLA,COMO PAGARTE
803,ERNESTO SOLANO,COMO QUISIERA SER
804,LA ARROLLADORA BANDA EL LIMÓN,ME VA A PESAR
805,BRUNO DE JESUS FT. EL YAKI,LLEVEMOS SERENATA
806,LIBAN GARZA,MI DESPEDIDA
807,LOS MORROS DEL NORTE,LA BALANZA DE LA VIDA
808,BANDA TIERRA SAGRADA,LA BUENA Y LA MALA
809,ARIEL CAMACHO Y LOS PLEBES DEL RANCHO,QUE CARO ESTOY PAGANDO
810,INTOCABLE,Y TODO PARA QUE
811,NATANAEL CANO,AMOR TUMBADO
812,LOS ANGELES AZULES,COMO TE VOY A OLVIDAR
813,CHRISTIAN NODAL,PROBABLEMENTE
814,CORNELIO VEGA Y SU DINASTIA,NO ME HUBIERA ENAMORADO
815,BANDA LA TREVIÑOSA,AMOR INOCENTE
816,LA VENTAJA,DISCULPAME MI VIEJO
817,GRUPO ENSAMBLE,TUS JEFES NO ME QUIEREN
818,ANTONIO AGUILAR,QUE FALTA ME HACE MI PADRE
819,SELENA,LA CARCACHA
820,REMMY VALENZUELA,ESPERO CON ANSIAS
821,RAYMIX,DONDE ESTARAS
822,JULION ALVAREZ,DIME
823,CHRISTIAN NODAL,SI TE FALTA ALGUIEN
824,J BALVIN,RITMO
825,LA EXPLOSIVA BANDA DE MAZA,A QUIEN LE VA A DOLER
826,LA ADICTIVA BANDA SAN JOSE DE MESILLAS,DURMIENDO EN EL LUGAR EQUIVOCADO
827,MARISELA,AVIENTAME
828,BANDA MS,CAGUATES PISTACHES
829,EDUARDO TOGI,Baila
830,JULION ALVAREZ,CORAZON MAGICO
831,BANDA MS,SANTA CLAUS LLEGO A LA CIUDAD
832,MIGUEL GALINDO,YA NO ME PREGUNTES
833,LOS PLEBEYOS,PEGALE PAPA
834,JORGE MEDINA,AL CIEN Y PASADITO
835,EL KOMANDER,SOY DE RANCHO
836,NELSON KANZELA,LA REYNALDA
837,GRUPO G,AYUDAME
838,LA BANDONONONA CLAVE NUEVA,YA NO VIVES EN MI
839,EL COYOTE Y SU BANDA,SE TENIA QUE DECIR Y SE DIJO
840,TOÑO LIZARRAGA,ASI COMO HOY
841,LOS PLEBES DEL RANCHO DE ARIEL CAMACHO,DEL NEGOCIANTE
842,GERARDO ORTIZ,Y ME BESA
843,LUPILLO RIVERA,DIGAME USTED
844,BANDA LOS SEBASTIANES,EN VIDA
845,GERARDO ORTIZ,EL AROMA DE TU PIEL
846,J BALVIN,UN DIA
847,SERGIO MENDIVIL,HABLAME
848,LOS CARDENALITOS DE NL,LA ESPINA
849,ANGELINA BEMZ,EN REALIDAD
850,HOMENAJE NORTEÑO,EL NOA NOA
851,LA DICTADURA,VUELVE CONMIGO
852,LA ADICTIVA BANDA SAN JOSE DE MESILLAS,ESTA ES TU CANCION
853,LOS HUMILDES,PA LA RAZA DEL BARRIO
854,RUBEN VEGA,SI TE VAS ESTOY MEJOR
855,LORENZO DE MONTECLARO,ESE SEÑOR DE LAS CANAS
856,SANGRE FELINA,QUE TE DIJO DE MI
857,BANDA EL RECODO,TE PRESUMO
858,BANDA LOS RECODITOS,TIEMPO
859,PACO BARRON Y SUS NORTEÑOS CLAN,POPURRI DE BANDA
860,LOS DOS CARNALES,TE VAS A ARREPENTIR
861,OSCAR BAKANO Y SU GRUPO JALADO,EL VENENO DE TU AMOR
862,LOS CARDENALES DE NUEVO LEON,BELLEZA DE CANTINA
863,"EL LOQUITO DEL RANCHO,EL COYOTE,KATIA VLOGS,CHOCOMILK,MAX PERAZA",40 DÍAS
864,MARCO FLORES Y SU NUMERO 1 BANDA JEREZ,LA BURRA OREJONA
865,LOS PRINCIPALES DE NUEVO LEON,DEJEMOSLO ASÍ
866,RAYITO COLOMBIANO,MUCHACHITA CONSENTIDA
867,JULION ALVAREZ,EL AMOR DE SU VIDA
868,"MANUEL ROMERO,LESLI GRACE",TE VUELVO A BESAR
869,CALIBRE 50,AMOR DEL BUENO
870,EL FANTASMA,VENGO A ACLARAR
871,GRUPO DISPUESTO,YA DILE DE UNA VEZ
872,"GRUPO DISPUESTO,JAVIER RIOS",EN DEFENSA PROPIA
873,LOS NUEVOS CAZADORES,SI SUPIERAS
874,GRUPO LABERINTO,MI POTRA
875,CALIBRE 50,EL CORRIDO DE JUANITO
876,BANDA MS,SOLO CON VERTE
877,LITZY COVARRUBIAS,MIENTES TAN BIEN
878,BANDA TIERRA SAGRADA,TENEMOS QUE HABLAR
879,LA ARROLLADORA BANDA EL LIMÓN,EL RUIDO DE TUS ZAPATOS
880,BANDA LA PRENDIDA DE MAZATLAN SINALOA,ME GUSTAN LAS VIEJAS CASADAS
881,JULION ALVAREZ,TE HUBIERAS IDO ANTES
882,GERARDO ORTIZ,MUJER DE PIEDRA
883,BANDA LOS SEBASTIANES,UN AÑO MAS
884,ROBERTO TAPIA,TE DESEO LO MEJOR
885,ALFREDO OLIVAS,EN DEFINITIVA
886,EL NIÑO DE ORO,OJITOS HINCHADOS
887,EL FANTASMA,GUARDAME ESTA NOCHE
888,EL KOMANDER,CUANDO DEJO DE PISTIAR
889,SOBRECARGA NORTEÑA,NO SERÁ FÁCIL
890,"GRUPO FIRME,MARCA MP",EL GUERO
891,INTOCABLE,CUANDO ME VI EN TUS OJOS
892,"ANGELA AGUILAR,PEPE AGUILAR",TU SANGRE EN MI CUERPO
893,ADAL LORETO,DEVUELVEME
894,BANDA MS,EL MECHON
895,ALTA CONSIGNA,CULPABLE TU
896,SELENA,EL CHICO DEL APARTAMENTO 512
897,CHUY Y MIGUEL VEGA,MIL FANTASIAS
898,LOS PLEBES DEL RANCHO DE ARIEL CAMACHO,BUSCABAMOS LO MISMO
899,EL PEGA PEGA DE EMILIO REYNA,AFERRADO
900,"LIRICOS JR,TROPICAL PANAMA",TA CHIDITO
901,GERMAN MONTERO,VAGABUNDO
902,BANDA LA COSTEÑA FT ABRAKADABRA FT LA VALENTIA,EN REALIDAD
903,EL BEBETO,LO LEGAL
904,BANDA RANCHO VIEJO,LO QUE RECIBIRAS
905,JUAN SALAZAR,ONTAS
906,CHAYIN RUBIO,SE OLVIDO
907,GRUPO JALADO,EL ABONERO
908,LOS RELAMPAGUITOS,DE LOS LABIOS PARA FUERA
909,KUMBIAMBEROS RS,LA PALOMA
910,EDWIN LUNA Y LA TRAKALOSA DE MONTERREY,Y LO PRIMERO QUE VI
911,"LOS ANGELES AZULES,XIMENA SARIÑANA",MIS SENTIMIENTOS
912,ARTURO JAIMES Y LOS CANTANTES FT EDWIN LUNA,ESTO SE VA A DESCONTROLAR
913,BANDA MS,HABLAME DE TI
914,LOS INVASORES DE NUEVO LEON,ME REFIERO A TI
915,"HORACIO PALENCIA,PANCHO BARRAZA",SI LA AMAS DE VERDAD
916,SELENA,AMOR PROHIBIDO
917,LOS RIELEROS DEL NORTE,EL COLUMPIO
918,"LUIS CORONEL,BANDA LOS RECODITOS",PA QUE NOS HACEMOS
919,KUMBIAMBEROS RS,AMIGOS NO POR FAVOR
920,ALDO TRUJILLO,OYE NIÑA
921,VIRLAN GARCIA,LOS 2020
922,JENNI RIVERA,INOLVIDABLE
923,REMMY VALENZUELA,POR QUE ME ILUSIONASTE
924,EL BEBETO,CUANDO TU ME BESAS
925,IMPACTO DE MONTEMORELOS,QUE TE VAYA MAL
926,LOS PRINCIPALES DE NUEVO LEON,LIBERTAD
927,JOSE JOSE,EL AMAR Y QUERER
928,LA ORIGINAL BANDA EL LIMON,DERECHO DE ANTIGUEDAD
929,EL YAKI,VAS A VENIR LLORANDO
930,INTOCABLE,ERES MI DROGA
931,MARIACHI INTERNACIONAL CHG,BENDITO CUERPO
932,"ALEJANDRO FERNANDEZ,LOS TIGRES DEL NORTE",PARA SACARTE DE MI VIDA
933,BOBBY PULIDO,DESVELADO
934,LOS CAPIS DE SINALOA,EN SU LUGAR
935,CHICOS RK,ESTO SI ES CUMBIA
936,FIEVRE LOOKA,CUMBIA EN MOVIMIENTO
937,REMMY VALENZUELA,NADIE
938,CHRISTIAN NODAL,ME DEJE LLEVAR
939,JULION ALVAREZ,ASI FUE
940,LA ORIGINAL BANDA EL LIMON,EL MEJOR PERFUME
941,ROBERTO JR Y SU BANDEÑO,EL COCO
942,BANDA MS,A MI ME ESTA DOLIENDO
943,BANDA LOS RECODITOS,NO LE HAGO FALTA
944,LOS TIGRES DEL NORTE,LA MESA DEL RINCON
945,LUCERO,NECESITARIA
946,VIRLAN GARCIA,Y CAMBIO MI SUERTE
947,GERARDO ORTIZ,ERES UNA NIÑA
948,LOS CADETES DE LINARES,DOS CORONAS A MI MADRE
949,SIGGNO,SOLO AMAME
950,ARIEL CAMACHO Y LOS PLEBES DEL RANCHO,HABLEMOS
951,DUELO,VEN A MI CASA ESTA NAVIDAD
952,BANDA LOS RECODITOS,ME ESTA GUSTANDO
953,CHUY LIZARRAGA,LA PEINADA
954,CALIBRE 50,CONTIGO
955,EDWIN LUNA Y LA TRAKALOSA DE MONTERREY,SUPISTE HACERME MAL
956,"LA EXPLOSIVA BANDA DE MAZA,JORGE MEDINA",ENTREGATE
957,MARCO FLORES Y SU NUMERO 1 BANDA JEREZ,CANCION NAVIDEÑA
958,LOS TUCANES DE TIJUANA,RITMO NAVIDEÑO
959,RUTA 200,200 ROSAS
960,LOS PERDIDOS DE SINALOA,INVENTAME
961,LOS HIJOS DEL PUEBLO,SI TU TE VAS
962,"LUIS CORONEL,LA SEPTIMA BANDA",NO ES QUE ME GUSTES
963,JOAN SEBASTIAN,DISEÑAME
964,ICC,DÓNDE ESTARÁS
965,GRUPO LETAL,LAS 12:31
966,SELENA,BIDI BIDI BOM BOM
967,"LOS ANGELES AZULES,DENISE GUTIERREZ",EL LISTON DE TU PELO
968,ANGEL VENEGAS Y SU ORQUESTA CON SABOR,QUE PASARA MAÑANA
969,ROCIO DURCAL,AMOR ETERNO
970,VALENTIN ELIZALDE,COMO ME DUELE
971,LOS YES YES FT ABRAKADABRA FT METAL-CUMBIA FT THE VHALENS,VOY A BORRAR MI FACEBOOK (LA CUMBIA DEL FACEBOOK)
972,JULION ALVAREZ,TERRENAL
973,PEPE GOMEZ JR Y SU GRUPO UNION 82,EMBRUJO DE CUMBIA
974,JOAN SEBASTIAN,SECRETO DE AMOR
975,BANDA EL RECODO,HOMENAJE A UN PRINCIPE
976,SERGIO VEGA,COSAS DEL AMOR
977,DALIA SOSA,NO LA BESES
978,LOS PLEBES DEL RANCHO DE ARIEL CAMACHO,POR ENAMORARME
979,LOS SOCIOS DEL RITMO FT. MARCO DI MAURO,TE VI PARTIR
980,LOS ANGELES AZULES,EL LISTON DE TU PELO
981,HOMENAJE NORTEÑO,EL MUÑECO
982,CONJUNTO PRIMAVERA,NECESITO DECIRTE
983,BANDA COYULITOS,MUEVETE
984,BANDA MS,ES TUYO MI AMOR
985,BANDA LOS RECODITOS,PISTIARE
986,JULION ALVAREZ,LA MARIA
987,LOS INVASORES DE NUEVO LEON,LA MEJOR DE MIS TRAGEDIAS
988,GERARDO ORTIZ,PORQUE TERMINAMOS
989,SELENA,COMO LA FLOR
990,GERARDO ORTIZ,FUISTE MIA
991,LA ADICTIVA BANDA SAN JOSE DE MESILLAS,QUE CARO ESTOY PAGANDO
992,PESADO,OJALA QUE TE MUERAS
993,"MIGUEL GALINDO,LUIS PADILLA",POR EL AMOR DE UNA MUJER
994,OSCAR BAKANO Y SU GRUPO JALADO,SI YO FUERA EL
995,VALENTIN ELIZALDE,TE QUIERO ASI
996,GRUPO PRIVADO,TE JURO QUE TE AMO
997,LA SONORA 100% PURO DINAMITA DE ANAIDITA,YO SOY LA AMANTE
998,MARCO ANTONIO SOLIS,MAS QUE TU AMIGO
999,CERTERO,TU YA ERES COSA DEL PASADO
1000,CALIBRE 50,TUS LATIDOS
1001,LOS TUCANES DE TIJUANA,PRUEBA SUPERADA
1002,LOS ZEMVERS,SIN TESTIGOS
1003,DADDY YANKEE,DEFINITIVAMENTE
1004,"JUAN GABRIEL,JULION ALVAREZ,J BALVIN",LA FRONTERA
1005,LOS TIRANOS DEL NORTE,HASTA LA MIEL AMARGA
1006,JENNI RIVERA,BASTA YA
1007,SERGIO VEGA,MILLONARIO DE AMOR
1008,VICENTE FERNANDEZ,ESTOS CELOS
1009,LA ARROLLADORA BANDA EL LIMÓN,LLAMADA DE MI EX
1010,ULICES CHAIDEZ Y SUS PLEBES,PORQUE ME ENAMORE
1011,LOS RELAMPAGUITOS,QUE TE VAYA BONITO
1012,BANDA MS,ME VAS A EXTRAÑAR
1013,JULION ALVAREZ,ESTA NOCHE SE ME OLVIDA
1014,JOAN SEBASTIAN,MAS ALLA DEL SOL
1015,DUELO,PUÑO DE DIAMANTES
1016,LA ADICTIVA BANDA SAN JOSE DE MESILLAS,EL VIEJON
1017,INTOCABLE,FUERTE NO SOY
1018,JULION ALVAREZ,Y TU
1019,CALIBRE 50,LAS ULTRAS
1020,CELSO PIÑA FT. CAFE TACUBA,AUNQUE NO SEA CONMIGO
1021,LOS GILES,NUNCA PENSE LLORAR
1022,BANDA LOS RECODITOS,ME SOBRABAS TU
1023,BANDA PELILLOS,NO SABES LO QUE SE SIENTE
1024,"LOS ANGELES AZULES,PABLO LESCANO",LA CUMBIA DEL INFINITO
1025,PIPE BUENO,CONFESION
1026,T3R ELEMENTO,EN BOCA DE TODOS
1027,BANDA MS,MI OLVIDO
1028,J BALVIN,ROJO
1029,LOS ALEGRES DE LA SIERRA,DE RODILLAS TE PIDO
1030,LALO MORA,EL HOMBRE QUE MAS TE AMO
1031,MAXIMO GRADO,PASO A PASITO
1032,LOS TIGRES DEL NORTE,NI PARIENTES SOMOS
1033,GRUPO MOJADO,PIENSA EN MI
1034,ALFREDO OLIVAS,EL PROBLEMA
1035,SAUL EL JAGUAR,NUMERO EQUIVOCADO
1036,PEPE GOMEZ JR Y SU GRUPO UNION 82,MUJER DE MIEL
1037,EL BEBETO,NO TE CREAS TAN IMPORTANTE
1038,BANDABUCANERA,LLEGASTE A MI VIDA
1039,ALFREDO OLIVAS,LA SIGO Y ME SIGUE
1040,NELSON KANZELA,FIN DE SEMANA
1041,BANDA EL RECODO,PENA TRAS PENA
1042,EDWIN LUNA Y LA TRAKALOSA DE MONTERREY,UN APLAUSO
1043,LA ADICTIVA BANDA SAN JOSE DE MESILLAS,HOMBRE LIBRE
1044,JENNI RIVERA,DE CONTRABANDO
1045,GERARDO ORTIZ,AMOR CONFUSO
1046,VICENTE FERNANDEZ,MUJERES DIVINAS
1047,BANDA CUISILLOS,MIL HERIDAS
1048,GRUPO LETAL,QUE LE VAYA BIEN
1049,BANDA EL RECODO,CADA VEZ TE EXTRAÑO MAS
1050,CONJUNTO PRIMAVERA,AVE CAUTIVA
1051,LORENZO TRUJILLO Y LA HERENCIA DE NUESTRA TIERRA,ADVERTIDA
1052,LOS PLEBEYOS,LO QUE TRAJE DE COLOMBIA
1053,KEVIN ORTIZ,TAL COMO ERES
1054,EL PLAN,TE TENGO QUE OLVIDAR
1055,INTOCABLE,DIA 730
1056,BANDA LA TRAKALOSA,MI PADRINO EL DIABLO
1057,"LOS HERMANOS VEGA,BETO ZAPATA",Y SI ALGUN DIA
1058,MIKE BALMORY,DI QUE NO
1059,LA ADICTIVA BANDA SAN JOSE DE MESILLAS,DISFRUTE ENGAÑARTE
1060,EL CHAPO DE SINALOA,RECOSTADA EN LA CAMA
1061,PALOMO,NO ME CONOCES AUN
1062,LOS INVASORES DE NUEVO LEON,MI CASA NUEVA
1063,COLMILLO NORTEÑO,EL BUENO Y EL MALO FT BANDA TIERRA SAGRADA
1064,"DIABLOS LOCOS,BANDA KARRANGA",AMANTES
1065,FIEVRE LOOKA,YA LLEGA LA NAVIDAD
1066,BANDA LA ALTERNATIVA,SOLO LOS TONTOS
1067,"LA MAFIA,SEBASTIAN YATRA",ME ESTOY ENAMORANDO
1068,JULION ALVAREZ,NI LO INTENTES
1069,EL FANTASMA,LAS VERDADES
1070,LOS TIGRES DEL NORTE,SEÑOR LOCUTOR
1071,BETO BERNAL,SI QUIERES
1072,LIMITE,TE APROVECHAS
1073,SOBRECARGA NORTEÑA,ES FIN DE SEMANA
1074,MI BANDA EL MEXICANO,FELIZ FELIZ
1075,EFRAIN TOLEDO,LA LUZ DE TUS OJOS
1076,LOS GFEZ,LAS REGLAS DEL JUEGO
1077,ESPINOZA PAZ,LO INTENTAMOS
1078,LA POLAKA SHOW,MUEVE TU COLITA
1079,LIBERACION,COMO ESTAS TU
1080,GRUPO QUE NOTA,EL AMOR DE MI NENA
1081,DUELO,MALABARES
1082,SAMUEL ROSALES,HERMOSA
1083,JENNI RIVERA,A CAMBIO DE QUE (BANDA)
1084,ANA BARBARA,BANDIDO
1085,LA ADICTIVA BANDA SAN JOSE DE MESILLAS,EN LA SIERRA Y LA CIUDAD (LA CHINA)
1086,KUMBIA KINGS,SABES A CHOCOLATE
1087,EL COYOTE Y SU BANDA,ARBOLES DE LA BARRANCA
1088,BANDA CARNAVAL,GENTE BATALLOSA
1089,IVAN TORRES,LA DUDA
1090,EL CHAPO DE SINALOA,LE HACE FALTA UN BESO
1091,"PESADO,CELSO PIÑA",LOCO (EN VIVO)
1092,GRUPO VARONIL,LA CREMA DE TORTUGA
1093,"ALICIA VILLAREAL,MARIA JOSE",SENTIMIENTOS
1094,LUZ MARIA,COMO TU MUJER
1095,JOSS FAVELA,ME HUBIERAS DICHO
1096,MARGARITA,CORAZON PARTIDO
1097,BANDA TORO,LA NOCHE QUE CHICAGO MURIO
1098,EL PERRON DE LA CUMBIA,CUMBIA PERREO
1099,BRONCO,ORO
1100,JOSS FAVELA,TE DIJE
1101,SONORA DE ANAIDITA,ES ELLA MAS QUE YO
1102,BRONCO,LIBROS TONTOS
1103,CELIA CRUZ,LA VIDA ES UN CARNAVAL
1104,LA TROPA VALLENATOS,LOS CAMINOS DE LA VIDA
1105,LOS RIELEROS DEL NORTE,MIL CADENAS
1106,LOS SHELES,RIKI TIKI
1107,LOS ANGELES AZULES FT. JAY DE LA CUEVA,17 AÑOS
1108,GRUPO CAÑAVERAL DE HUMBERTO PABON,LA NOCHE
1109,LA ADICTIVA BANDA SAN JOSE DE MESILLAS,UN FIN EN CULIACAN (PERRON)
1110,MEXIKOLOMBIA,NO ME LLAMES MAS
1111,TITO Y LOS REYES DEL CAMINO,SOLAMENTE TU
1112,REMMY VALENZUELA,CARICIAS CLANDESTINAS
1113,ARNULFO LOPEZ,HAY QUE OLVIDAR
1114,SERGIO VEGA,QUIEN ES USTED
1115,ALEX FERNANDEZ,LO PRIMERO QUE HARIA
1116,CALIBRE 50,AUNQUE AHORA ESTES CON EL
1117,BANDA CUISILLOS,CANCHAME
1118,BANDA MS,A LO MEJOR
1119,SONORA DE ANAIDITA,RAMITO DE VIOLETAS
1120,BANDA LOS COYULITOS,LLUVIA
1121,VICENTE FERNANDEZ,HERMOSO CARIÑO
1122,SERGIO VEGA,DUEÑO DE TI
1123,PURO STILO,COPA TRAS COPA
1124,MARCO ANTONIO SOLIS,MI MAYOR NECESIDAD (A DONDE VAYAS)
1125,GRUPO VERSAX,ME VAS A ENLOQUECER
1126,LA SONORA DINAMITA,EL VIEJO DEL SOMBRERON
1127,LA PODEROSA BANDA SAN JUAN,AMORES PASAJEROS
1128,ARTURO JAIMES Y LOS CANTANTES,DE TIEMPO COMPLETO
1129,BANDA MS,LAS COSAS NO SE HACEN ASI
1130,ABRAHAM VAZQUEZ,LO TIENES TODO
1131,EL KOMANDER,MALDITAS GANAS
1132,"LUIS ANGEL EL FLACO,GRUPO FIRME",HASTA LA MIEL AMARGA
1133,LOS CARDENALES DE NUEVO LEON,MI COMPLICE
1134,LUIS ANTONIO LOPEZ EL MIMOSO,USTED ME AMO
1135,CHUY LIZARRAGA,RELACION CLANDESTINA
1136,PESADO,A CHILLAR A OTRA PARTE
1137,LA ARROLLADORA BANDA EL LIMÓN,ASI FUE
1138,EDWIN LUNA,SANTA CLAUS LLEGO A LA CIUDAD
1139,ESPINOZA PAZ,SI MAÑANA NO ME VEZ (HOMBRE NORMAL)
1140,LOS PLEBES DEL RANCHO DE ARIEL CAMACHO,QUE SE CANSE DE LLAMAR
1141,BANDA EL RECODO,Y LLEGASTE TU
1142,CHICAGO 5,NI QUE VALIERAS TANTO
1143,RETOÑOS DEL RIO,MUCHACHA DE LOS OJOS TRISTES
1144,ANGEL VENEGAS Y SU ORQUESTA CON SABOR FT. xFIS CUMBIA,ALMA DE ACERO
1145,VOZ DE MANDO,Y AHORA RESULTA
1146,PEDRO FERNANDEZ,YO...EL AVENTURERO
1147,MEXIKOLOMBIA,ALEJATE DE MI
1148,BANDA EL RECODO,ME GUSTA TODO DE TI
1149,BANDA EL RECODO,MI VICIO MAS GRANDE
1150,JOSE JOSE,LA NAVE DEL OLVIDO
1151,LOS INVASORES DE NUEVO LEON,LA PLAYA SOLA
1152,LA ARROLLADORA BANDA EL LIMÓN,SOBRE MIS PIES
1153,COSTUMBRE,SI ENCONTRASTE EL AMOR
1154,EL KOMANDER,EL PAPEL CAMBIO
1155,JOAN SEBASTIAN,SENTIMENTAL
1156,BANDA MS,EL PATRON
1157,ALEX FERNANDEZ,TE LO DIGO PORQUE TE CONOZCO
1158,EL FANTASMA,DOLOR Y AMOR
1159,IMPACTO DE MONTEMORELOS,EL CHISME (EL DEPORTE NACIONAL)
1160,LOS TIGRILLOS,CUANDO SEAS MIA
1161,SAUL EL JAGUAR,SOY DE LA CALLE
1162,LOS TIGRES DEL NORTE,LA MANZANITA
1163,LOS PRINCIPALES DE NUEVO LEON,DE QUE SIRVIO
1164,LOS PLEBES DEL RANCHO DE ARIEL CAMACHO,SERA QUE ESTOY ENAMORADO
1165,BRUNO DE JESUS,PARA QUE VOLVISTE
1166,"KARLA VALLIN,RAYMIX",TE QUITO LA PENA
1167,INTOCABLE,PERDEDOR
1168,DUELO,VENENO
1169,LOS ACOSTA,COMO UNA NOVELA
1170,CALIBRE 50,AGUAJE ACTIVADO
1171,"VALENTIN ELIZALDE,EL KOMANDER",TENGO GANAS
1172,EL PODER DEL NORTE,A ELLA
1173,ADAN ROMERO,AHORA TE AMO
1174,LOS CADETES DE LINARES,NO HAY NOVEDAD
1175,BANDA LA TRAKALOSA,SAN LUNES
1176,GRUPO CAÑAVERAL FT JENNY AND THE MEXICATS,TIENE ESPINAS EL ROSAL
1177,ALEXIS,QUE NO TE FALLE EL CORAZON
1178,BETO ZAPATA,"MI PADRE,MI MEJOR AMIGO"
1179,GERARDO ORTIZ,REGRESA HERMOSA
1180,LOS TUCANES DE TIJUANA,EL TUCANAZO
1181,LOS ROJOS,AGUA DE TE
1182,BANDA EL RECODO,INTIMAMENTE
1183,LA FIRMA,LA LLAMADA
1184,ANA BARBARA,TE METISTE
1185,EL KOMANDER,ME INTERESA
1186,SONORAMA,LA MALA VIDA
1187,RUBY ESCOBAR,SI QUIERO VOLVER
1188,LA ARROLLADORA BANDA EL LIMÓN,ENTREGAME TU AMOR
1189,PEQUEÑOS MUSICAL FT. LOS PLEBES DEL RANCHO DE ARIEL CAMACHO,BOLA DE CRISTAL
1190,BRONCO,SERGIO EL BAILADOR
1191,CHALINO SANCHEZ,NIEVES DE ENERO
1192,GRUPO COKTEL,MAYORES
1193,VARIOS,VOLVER A VOLAR
1194,JOAN SEBASTIAN,ATEMPORAL (POEMA)
1195,LOS HIJOS DE BARRON,NIEGAME
1196,EL CHAPO DE SINALOA,HOLA MI AMOR
1197,LOS INQUIETOS DEL NORTE,MI AMIGO EL DE ARRIBA
1198,MI BANDA EL MEXICANO,QUE LE PASA A LUPITA
1199,EDWIN LUNA Y LA TRAKALOSA DE MONTERREY,EXPERTO MENTIROSO
1200,JULION ALVAREZ,PONGAMONOS DE ACUERDO
1201,ANTONIO AGUILAR,LAMBERTO QUINTERO
1202,MARGARITA,QUE NADIE SEPA MI SUFRIR
1203,MARCO ANTONIO SOLIS,INVENTAME
1204,BANDA EL RECODO,ACABAME DE MATAR
1205,JULION ALVAREZ,LA FORY FAY
1206,LOS YES YES FT. LOS HIJOS DEL PUEBLO Y LA VALENTÍA,NENA
1207,"JULION ALVAREZ,HANSEN FLORES",FINO PERO SORDO
1208,LA ARROLLADORA BANDA EL LIMÓN,CABECITA DURA
1209,JOAN SEBASTIAN,ESO Y MAS
1210,EDWIN LUNA Y LA TRAKALOSA DE MONTERREY,ME FALTA UN CORAZON
1211,MARCO ANTONIO SOLIS,SINO TE HUBIERAS IDO
1212,AMERICA SIERRA,DE QUE ME SIRVE
1213,EL YAKI,DEJALO ASÍ
1214,BANDA CARNAVAL,COMO NO ADORARLA
1215,SONORA DE ANAIDITA,TABACO Y RON
1216,LOS HIJOS DE BARRON,CORTINAS GUINDAS
1217,BANDA LOS RECODITOS,ME ESTA TIRANDO EL ROLLO
1218,AARON Y SU GRUPO ILUSION,Y HOY TE VAS
1219,LA MAFIA,UN MILLON DE ROSAS
1220,BRONCO,CON ZAPATOS DE TACON
1221,"GRUPO CAÑAVERAL,MARIA LEON",NO TE VOY A PERDONAR
1222,LOS TIGRES DEL NORTE,HOY LE HABLO A DIARIO
1223,"BRONCO,ARMANDO MANZANERO",ADORO
1224,GRUPO COKTEL FT. GRUPO MOJADO,MOTIVOS
1225,GRUPO BRYNDIS,AMOR PROHIBIDO
1226,LUIS CORONEL,MI NIÑA TRAVIEZA
1227,LOS INVASORES DE NUEVO LEON,YA NO TE AMO
1228,VOZ DE MANDO,MUCHACHO DE CAMPO
1229,JOSE JOSE,"LO PASADO,PASADO"
1230,LIRICOS JR,LA CUMBIA DEL SERRUCHO
1231,GRUPO G,QUE LASTIMA
1232,BANDA TIERRA SAGRADA,ASI TE QUIERO YO
1233,BANDA LOS RECODITOS,ANDO BIEN PEDO
1234,ABRACADABRA,EN REALIDAD
1235,LA ARROLLADORA BANDA EL LIMÓN,MI SEGUNDA VIDA
1236,VICTORIA LA MALA,MEREZCO MUCHO MAS
1237,JULION ALVAREZ,OLVIDAME
1238,VICENTE FERNANDEZ,EL REY
1239,LOS TEMERARIOS,MI VIDA ERES TU
1240,VALENTIN ELIZALDE,EBRIO DE AMOR
1241,FEDE FIGUEROA,GANAS DE AMAR
1242,GERARDO ORTIZ,PERDONAME
1243,BANDA EL RECODO,DIME SI ME QUIERES
1244,MARCO ANTONIO SOLIS,A DONDE VAMOS A PARAR
1245,CONTROL,"TAO,TAO"
1246,"GENTE DE ZONA,GERARDO ORTIZ",OTRA BOTELLA
1247,BRONCO,LOS CASTIGADOS
1248,EL CHAPO DE SINALOA,PARA QUE REGRESES
1249,JOAN SEBASTIAN,CRUZANDO EL MAR
1250,LUIS MIGUEL,SANTA CLAUS LLEGO A LA CIUDAD
1251,JULION ALVAREZ,LAS MULAS DE MORENO
1252,INTOCABLE,CUIDARE
1253,XITLALI SARMIENTO,COMO LOS GATOS
1254,LOS TIGRES DEL NORTE,PEDRO Y PABLO
1255,VAGON CHICANO,VIERNES SIN TU AMOR
1256,LA ORIGINAL BANDA EL LIMON,ABEJA REYNA
1257,JOAN SEBASTIAN,UN IDIOTA
1258,VALENTIN ELIZALDE,Y SE PARECE A TI
1259,LIBERACION,ESE LOCO SOY YO
1260,LOS NIETOS,SE APAGO MI ESTRELLA
1261,VICENTE FERNANDEZ,POR TU MALDITO AMOR
1262,VAGON CHICANO,MILAGRO
1263,FIDEL RUEDA,Y TU QUE HARIAS
1264,LOS TIGRES DEL NORTE,CUESTION OLVIDADA
1265,LOS ALEGRES DE LA SIERRA,SI DIOS ME LLEVA CON EL
1266,GERARDO ORTIZ,QUIEN SE ANIMA
1267,MARCO ANTONIO SOLIS,LA VENIA BENDITA
1268,BANDA FRESA,EL GUAPO
1269,ALEJANDRO FERNANDEZ,COMO QUIEN PIERDE UNA ESTRELLA
1270,CONTROL,CUMBIA CON LA LUNA
1271,RAMON AYALA Y SUS BRAVOS DEL NORTE,UN RINCONCITO EN EL CIELO
1272,CALIBRE 50,EL TIERNO SE FUE
1273,LOS HURACANES DEL NORTE,NOMAS POR TU CULPA
1274,BANDA MS,SIN EVIDENCIAS
1275,LOS BUKIS,TU CARCEL
1276,Julian Hrndz,Mi guerrera
1277,LOS ROJOS,ASI ME DIVIERTO
1278,LOS DE LA NORIA,VOY A QUERERTE TANTO
1279,LIBERACION,ENAMORADO DE UN FANTASMA
1280,LOS SOCIOS DEL RITMO,EL AÑO VIEJO
1281,CAÑAVERAL DE PABON,TIENE ESPINAS EL ROSAL
1282,LOS TIGRES DEL NORTE,MI FANTASIA
1283,GRUPO CAÑAVERAL,SANTA CLAUS LLEGO A LA CIUDAD FT. LA ORIGINAL BANDA EL LIMON
1284,ALBERTO Y ROBERTO,TU FORMA DE SER
1285,EL PODER DEL NORTE,NI QUE VALIERAS TANTO
1286,CHRISTIAN FELIX Y SU MAXIMO GRADO,NO AMES
1287,SAUL EL JAGUAR,TE AMO MADRE
1288,LA ORIGINAL BANDA EL LIMON,SAL DE MI VIDA
1289,FIDEL RUEDA,ME ENCANTARIA (BANDA)
1290,BANDA TODO TERRENO,NO TE QUERIA PERDER
1291,KUMBIA KINGS,FUEGO
1292,KEVIN ORTIZ,NO HAY NINGUNA COMO TU
1293,VALENTIN ELIZALDE,LOBO DOMESTICADO
1294,LOS TIGRES DEL NORTE,JEFE DE JEFES
1295,BANDABUCANERA,LA DE LA MOCHILA AZUL
1296,LOS RIELEROS DEL NORTE,NO ME HAGAS MENOS
1297,BOBBY PULIDO,SE MURIO DE AMOR
1298,LOS CARNALES DE NUEVO LEON,EXPERTO EN AMORES
1299,BANDA LOS RECODITOS,HASTA QUE SALGA EL SOL
1300,RAMON AYALA Y SUS BRAVOS DEL NORTE,CASAS DE MADERA
1301,CHUY LIZARRAGA,CASADA O NO
1302,SERGIO MENDIVIL,NO ME MORIRE
1303,"BRONCO,RIO ROMA",SE ALINEARON LOS PLANETAS
1304,INTOCABLE,SOÑADOR ETERNO
1305,LIMITE,CON LA MISMA PIEDRA
1306,INTOCABLE,ENSEÑAME A OLVIDARTE
1307,DIEGO HERRERA,SI NO TE CONOCIERON
1308,LOS ANGELES AZULES,MI NIÑA MUJER
1309,LA MAFIA,ME ESTOY ENAMORANDO
1310,CALIBRE 50,PRESTAMELA A MI
1311,DANIYYEL VALENZUELA,LA CHOLE
1312,LOS PLEBEYOS,EL PIPIRIPAU
1313,LEANDRO RIOS FT BANDA TIERRA SAGRADA,DEBAJO DEL SOMBRERO
1314,ESPINOZA PAZ,A VECES
1315,LABERINTO,EL INDIO ENAMORADO
1316,GRUPO JALADO,QUE TE VAYA BIEN
1317,LOS MIER,TE AMO
1318,LOS TUCANES DE TIJUANA,JUEGO A LA VIDA
1319,GRUPO AROMA,AMOR DE TRES
1320,LOS INQUIETOS DEL NORTE,PARA MORIR FELIZ
1321,LA MAFIA,ESTAS TOCANDO FUEGO
1322,BANDA RENOVACION,TE HE PROMETIDO
1323,JORGE BRECEDA,YA NO SERE
1324,LOS HURACANES DEL NORTE,MI COMPLEMENTO
1325,ABEX TREVIÑO,ENTERATE
1326,VICENTE FERNANDEZ,EL HOMBRE QUE MAS TE AMO
1327,MI BANDA EL MEXICANO,NO BAILES DE CABALLITO
1328,LA SONORA DINAMITA,TU CUCU
1329,BANDA CARNAVAL,LA HISTORIA DE MIS MANOS
1330,JUAN GABRIEL,PORQUE ME HACES LLORAR
1331,JENNI RIVERA,AHORA QUE ESTUVISTE LEJOS
1332,MARIANO BARBA,ALIADO DEL TIEMPO
1333,BRONCO,QUE NO QUEDA HUELLA
1334,FIDEL RUEDA,ENHORABUENA
1335,PEPE GOMEZ JR Y SU GRUPO UNION 82,EL PIROPO
1336,OZUNA,HASTA QUE SALGA EL SOL
1337,PESADO,"TE QUIERO,TE AMO"
1338,DUELO,SENTIMIENTOS DE CARTON
1339,LA ARROLLADORA BANDA EL LIMÓN,NIÑA DE MI CORAZON
1340,FIDEL RUEDA,TU YA ERES COSA DEL PASADO
1341,BANDA ALTA POTENCIA,Y TODO PARA QUE
1342,BANDA TODO TERRENO,QUE SE AGARREN
1343,BANDA FRESA,LA NIÑA FRESA
1344,SERGIO VEGA,NECESITO DUEÑA
1345,CALIBRE 50,NI QUE ESTUBIERAS TAN BUENA
1346,LOS SOCIOS DEL RITMO,LLORAR
1347,JOSE FELICIANO,FELIZ NAVIDAD
1348,FIDEL RUEDA,SOY FELIZ
1349,VALENTIN ELIZALDE,SOY ASI
1350,BANDA LA MEJOR DE MICHOACAN,ME LO VAS A AGRADECER
1351,"LOS ANGELES AZULES,GIL CEREZO",COMO TE VOY A OLVIDAR
1352,REVANCHA NORTEÑA,TU MERO MERO
1353,JENNI RIVERA,LA GRAN SEÑORA
1354,VALENTIN ELIZALDE,VENCEDOR
1355,MONTÉZ DE DURANGO FT. DIANA REYES,FUISTE TU
1356,GRUPO FIRME,HASTA QUE UN DIA
1357,INTOCABLE,EL AMIGO QUE SE FUE
1358,"MALUMA,MARC ANTHONY",FELICES LOS 4 (SALSA VERSION)
1359,PESADO,NO VOY A DETENERTE
1360,BANDA MACHOS,ME LLAMO RAQUEL
1361,LOS ASKIS,TE DIGO VETE
1362,REGULO CARO,SERIA UN ERROR
1363,"Banda La Prendida de Mazatlán,Sinaloa.",Me Sigue Doliendo
1364,LA ARROLLADORA BANDA EL LIMÓN,HUELE A PELIGRO
1365,VAGON CHICANO,LA MONEDA
1366,LA ADICTIVA BANDA SAN JOSE DE MESILLAS,LA PRINCESA
1367,JULION ALVAREZ,A DONDE QUIERA QUE VAYA
1368,LA ARROLLADORA BANDA EL LIMÓN,EL FINAL DE NUESTRA HISTORIA
1369,LA ORIGINAL BANDA EL LIMON,EL PRIMER LUGAR
1370,INTOCABLE,AMOR MALDITO
1371,GERMAN MONTERO,AMANTES ESCONDIDOS
1372,CALIBRE 50,LA GRIPA
1373,ALFREDO OLIVAS,TODO O NADA
1374,LOS GRANDES DEL PARDITO,QUE OCUPO
1375,JOSE BARRAZA,PALOMITA PALOMITA
1376,ALBERTO Y ROBERTO,LA DIVA
1377,LIMITE,AY PAPACITO
1378,LOS TIGRES DEL NORTE FT PAULINA RUBIO,GOLPES EN EL CORAZON
1379,BRONCO,EL SHERIFF DE CHOCOLATE
1380,LOS TIGRES DEL NORTE,LA CAMIONETA GRIS
1381,LA ORIGINAL BANDA EL LIMON,DI QUE REGRESARAS
1382,INTOCABLE,AIRE
1383,LOS TUCANES DE TIJUANA,AMOR PLATONICO
1384,BANDA EL RECODO,CONSECUENCIA DE MIS ACTOS
1385,JENNI RIVERA,CULPABLE O INOCENTE
1386,EL KOMANDER,DESCANSA MI AMOR
1387,ANGEL VENEGAS Y SU ORQUESTA CON SABOR,ERES LO MAS BELLO
1388,ULISES CHAIDEZ,TE REGALO
1389,BANDA LA MISMA TIERRA,LA RULETA
1390,EL BEBETO,CORAZON DE ACERO
1391,BANDA LEGAL,MI PEDACITO DE CIELO
1392,GERMAN MONTERO,NO ESTABAS EN MIS PLANES
1393,BANDA TIERRA MOJADA,La Tuba Gedionda
1394,BANDA EL RECODO,TE OFREZCO UN CORAZON
1395,SIGGNO,QUE ME AMAS
1396,EL CHAPO DE SINALOA,DETRAS DE LA PUERTA
1397,BANDA MACHOS,AL GATO Y AL RATON
1398,BANDA MACHOS,"MI LUNA,MI ESTRELLA"
1399,GRUPO BRYNDIS,LA ULTIMA CANCION
1400,BANDA EL RECODO,ENTONCES QUE SOMOS
1401,LA ARROLLADORA BANDA EL LIMÓN,EN LOS PURITOS HUESOS
1402,LA LEYENDA,COSITAS MALAS
1403,PEDRO FERNANDEZ,AMARTE A LA ANTIGUA
1404,CHUY LIZARRAGA,SE ME SIGUE NOTANDO
1405,LA LEYENDA,SUFRE COMO YO SUFRI
1406,LIMITE,YO SIN TU AMOR
1407,BRONCO,NUNCA VOY A OLVIDARTE
1408,ANA BARBARA,LOCA
1409,REGULO CARO,COMO VUELVO A ENAMORARTE
1410,LOS PLEBES DEL RANCHO DE ARIEL CAMACHO,COMO FUE
1411,LA ORIGINAL BANDA EL LIMON,LA CAMA DESTENDIDA
1412,LUISILLO PINEDA Y LA FASCINANTE,LA LEY DEL MONTE
1413,MARCO FLORES Y SU NUMERO 1 BANDA JEREZ,LOS VIEJITOS
1414,JOSS FAVELA,PORQUE NO TE ENAMORAS
1415,LOS TUCANES DE TIJUANA,SECUESTRO DE AMOR
1416,BANDA DEL MANGO,BABY SHARK
1417,VALENTIN ELIZALDE,LA MAS DESEADA
1418,GRUPO VIENTO Y SOL,DOS ANILLOS
1419,LOS REHENES,LIMOSNERO DE CARIÑO
1420,"REVOLVER CANNABIS,ENIGMA NORTEÑO",EL HOMBRE DEL MARLBORO
1421,LOS TITANES DE DURANGO,AMOR DE NIÑO
1422,ANGELA AGUILAR,NO ME QUEDA MAS
1423,GABY ROMERO,EL CHICO DEL APARTAMENTO 512
1424,SAUL EL JAGUAR,LA LUNA
1425,JULION ALVAREZ Y SU NORTEÑO BANDA,MARCHATE
1426,MXP MAXIMO PODER,SI ME HUBIERAS QUERIDO
1427,LOS TIGRES DEL NORTE,QUE TAL SI ERES TU
1428,LA ARROLLADORA BANDA EL LIMÓN,YA TE PERDI LA FE
1429,ALFREDO OLIVAS,SEGURAMENTE
1430,EL KOMANDER,POR FAVOR NO CUELGUES
1431,BANDA LA NUEVA DECISION,SI YA TE VAS
1432,ALEJANDRO FERNANDEZ,ABRAZAME
1433,LOS ANGELES AZULES,AMOR DE MIS AMORES
1434,CORNELIO VEGA Y SU DINASTIA,EL PRIMERO
1435,SONORA TROPICANA,QUE BELLO
1436,LOS YES YES FT FATIMA LA TIKIS TIKIS BY THE VHALENS,TUSA
1437,GERARDO ORTIZ,MAÑANA VOY A CONQUISTARLA
1438,BANDA PEQUEÑOS MUSICAL,REGRESANDO
1439,JOAN SEBASTIAN,ME VOY A COMPRAR UN PERRO
1440,BANDA EL RECODO,MUJER MUJER
1441,BANDA MACHOS,LA CULEBRA
1442,"BANDA SANTA Y SAGRADA,CRISTIAN BETTER",YA NO TE AMO
1443,LA HERMANDAD,VEN A CANTAR
1444,BANDA MS,AMOR EXPRESS
1445,INTOCABLE,TE PERDONO
1446,VICENTE FERNANDEZ,VOLVER VOLVER
1447,"DJ ESLI,DAREK SOTELO",SAXOSUELTA ORIENTE TRIBE
1448,LOS YONIC´S,SI LE DICES QUE SI
1449,JULION ALVAREZ,EL BORRACHITO
1450,RIGO TOVAR,EL TESTAMENTO
1451,BRONCO,AMIGO BRONCO
1452,JAIME Y FERNANDO,SI TU ACEPTAS
1453,BANDA EL RECODO,AYER Y HOY
1454,CASIMIRO MORENOY SU TIERRA PA LAS MATAS,EL PA RA RA
1455,BANDA LA MISMA TIERRA,EL DESAYUNO
1456,LOS CORCELES DE LINARES,LA CHICA 240
1457,"PANCHO URESTI,LEANDRO RIOS",CORAZON RANCHERO
1458,BANDA LOS RECODITOS,AL RESCATE
1459,KUMBIA KINGS,MI DULCE NIÑA
1460,RAYMIX,ANGEL MALVADO
1461,BANDA ARRIBA MI SINALOA,ERES LO QUE MÁS AMO
1462,DUELO,TU
1463,LOS CARNALES DE NUEVO LEON,NO ME IMPORTA QUIEN ES
1464,MARCO FLORES Y SU NUMERO 1 BANDA JEREZ,ORDEÑANDO LA VACA
1465,"LA SONORA DINAMITA,EL MIMOSO",CAROLA
1466,HECHIZEROS BAND,EL SONIDITO
1467,DANIYEL VALENZUELA,EVITAME LA PENA
1468,BANDA CARNAVAL,Y TE VAS
1469,GRUPO CORPORACIÓN,ME ACOSTUMBRARÉ
1470,PEDRO FERNANDEZ,YO NO FUI
1471,INTOCABLE,REGALO DE NAVIDAD
1472,LA ARROLLADORA BANDA EL LIMÓN,SIEMPRE ESTAS TU
1473,LOS HURACANES DEL NORTE,QUE ME LLEVE EL DIABLO
1474,FIDEL RUEDA,AUNQUE TE DUELA
1475,EL CHAPO DE SINALOA,LA NOCHE PERFECTA
1476,AARON Y SU GRUPO ILUSION,TODO ME GUSTA DE MI
1477,ALICIA VILLAREAL,TE QUEDO GRANDE LA YEGUA
1478,PESADO,CIELO AZUL CIELO NUBLADO
1479,DIEGO VERDAGUER,TONTA
1480,VICENTE FERNANDEZ,LAS MAÑANITAS
1481,LOS TITANES DE DURANGO,EL ENAMORADO
1482,LOS INVASORES DE NUEVO LEON,A MI QUE ME QUEDO
1483,"CONJUNTO PRIMAVERA,RICKY MUÑOZ",UN DESENGAÑO
1484,LA ADICTIVA BANDA SAN JOSE DE MESILLAS,MUCHAS GRACIAS
1485,IMPACTO SINALOENSE,NO ES TAN FACIL
1486,LOS GFEZ FEAT. DIEGO HERRERA,BIEN SERVIDA
1487,VOZ DE MANDO,EL QUE A TI TE GUSTA
1488,LOS ALEGRES DE LA SIERRA,SUERTE EH TENIDO
1489,GERMAN MONTERO,SANTA CLAUS LE DIO UN BESO A MAMA
1490,LA CACHORRA,DE LOS BESOS QUE TE DÍ
1491,EL PERRON DE LA CUMBIA,EL AMOR QUE YO SOÑE
1492,ESPINOZA PAZ,EL PROXIMO VIERNES (VERSION ACUSTICO BANDA)
1493,"BRONCO,CRISTIAN CASTRO",NUNCA VOY A OLVIDARTE
1494,LIBERACION,OTRA NAVIDAD SIN TI
1495,JOSE BARRAZA,MIL AÑOS DE PASIONES
1496,BETO PEÑA,DE NUEVO LA PERDI
1497,"LOS TIGRES DEL NORTE,MARCO ANTONIO SOLIS",TU CARCEL
1498,JULION ALVAREZ,TU NO TIENES LA CULPA
1499,BANDA LA TRAKALOSA,TATUADO HASTA LOS HUESOS
1500,GRUPO FIRME,EL ROTO
1501,K PAZ DE LA SIERRA,MI CREDO
1502,EL BEBETO,LO MAS INTERESANTE
1503,LOS HURACANES DEL NORTE,SOY MEXICANO
1504,LA ARROLLADORA BANDA EL LIMÓN,TIENE RAZON LA LOGICA
1505,LIBAN GARZA,YO SI TE AMABA
1506,BANDA EL RECODO,VAS A LLORAR POR MI
1507,PESADO,MI PROMESA
1508,LOS TIGRES DEL NORTE FEAT. RESIDENTE,AMERICA
1509,IMPACTO DE MONTEMORELOS,ASI COMO TU
1510,JUAN GABRIEL,EL PALO (SON MICHOACANO)
1511,JULION ALVAREZ,ERES TODO TODO
1512,MEXI-LATIN,AMOR TÓXICO
1513,PANCHO BARRAZA,NUNCA CAMBIES
1514,PESADO,TAN BONITA
1515,BRONCO,SI TE VUELVES A ENAMORAR
1516,BAD BUNNY,YO PERREO SOLA
1517,"LOS ANGELES AZULES,LALI",LAS MARAVILLAS DE LA VIDA
1518,MARCO FLORES Y SU NUMERO 1 BANDA JEREZ,ZAPATEADO ENDEMONIADO
1519,JOSE JOSE,LO QUE NO FUE NO SERA
1520,BANDA MACHOS,NO LLORES SANTA CLAUS
1521,VICENTE FERNANDEZ,DE QUE MANERA TE OLVIDO
1522,LA ARROLLADORA BANDA EL LIMÓN,YA ES MUY TARDE
1523,SONORA DINAMITA,OYE
1524,BANDA LOS SEBASTIANES,DENTRO DE TU CORAZON
1525,PANCHO BARRAZA,PERO LA RECUERDO
1526,LA ADICTIVA BANDA SAN JOSE DE MESILLAS,NADA IGUALES
1527,BANDA EL RECODO,SI NO ES CONTIGO
1528,BANDA CARNAVAL,TE CAMBIO EL DOMICILIO
1529,LUIS PEDRO ROSADO,CULPABLES
1530,VALENTIN ELIZALDE,LA PAPA
1531,LOS TIGRES DEL NORTE,GOLPES EN EL CORAZON
1532,INTOCABLE,NUNCA SUPE AMARTE
1533,SONORA DINAMITA,CAPULLO SORUYO
1534,"LA MAQUINARIA NORTEÑA,GRUPO FIRME",EN HONOR A TI
1535,EL BEBETO,BESOS NUEVOS (MARIACHI)
1536,BANDA CARNAVAL,ENCONTRARTE
1537,JOAN SEBASTIAN,TE IRA MEJOR SIN MI
1538,PILAR MONTENEGRO,QUITAME ESE HOMBRE
1539,ESPINOZA PAZ,NO ME FRIEGUES LA VIDA
1540,BANDA CARNAVAL,LA DOBLE CARA
1541,ALEJANDRO FERNANDEZ,NUBE VIAJERA
1542,BANDA EL RECODO,QUE TE RUEGUE QUIEN TE QUIERA
1543,LOS TIGRES DEL NORTE,ATAUD
1544,LIMITE,EL PRINCIPE
1545,LOS HURACANES DEL NORTE,EL HOMBRE DE NEGRO
1546,BANDA CUISILLOS,NO SE LO DIGAS A ELLA
1547,LOS VELA,TAL VEZ TE DIJERON
1548,BECKY G,COMO NO
1549,VALENTIN ELIZALDE,SOBRE LA TUMBA DE MI PADRE
1550,JENNI RIVERA,PORQUE NO LE CALAS
1551,K PAZ DE LA SIERRA,PERO TE VAS ARREPENTIR
1552,LOS TEMERARIOS,LA BOTELLA ENVENENADA
1553,KRISTEL LA ESPAÑOLA DE LA CUMBIA,COMO ME ARREPIENTO
1554,LOS INVASORES DE NUEVO LEON,AGUANTA CORAZON
1555,CONJUNTO PRIMAVERA,ALGO DE MI
1556,LOS HOROSCOPOS DE DURANGO,ANTES MUERTA QUE SENCILLA
1557,"BANDA SANTA Y SAGRADA,MARCO FLORES",FALSA Y TRAICIONERA
1558,LA VALENTIA,Estupida
1559,VAGON CHICANO,TENGO MIEDO
1560,GERARDO ORTIZ,MILLONES DE BESOS
1561,LA BANDONONONA RANCHO VIEJO,LA SOPA DE TU PROPIO CHOCOLATE
1562,"JUAN SOLO,RAYMIX",MASOQUISTA
1563,ARTURO CORONEL Y EL BUEN ESTILO,ESTO ES AMOR
1564,BANDA MACHOS,UNA HISTORIA SIN FIN
1565,BANDA RANCHO VIEJO,QUE MACHIN
1566,BANDA RANCHO VIEJO,LOS CONSEJOS
1567,MI BANDA EL MEXICANO,HELP AYUDAME
1568,LOS INVASORES DE NUEVO LEON,ESLABON POR ESLABON
1569,SAUL EL JAGUAR,AL ESTILO MAFIA
1570,LOS TIGRES DEL NORTE,AGUA SALADA
1571,LOS TRAILEROS DEL NORTE,ABEJA REINA
1572,BANDA MAGUEY,TU ETERNO ENAMORADO
1573,JUSTIN SIERREÑO MX,TU LO TIENES TODO
1574,BANDA EL RECODO,DEJA
1575,LA ARROLLADORA BANDA EL LIMÓN,COSAS QUE NUNCA TE DIJE
1576,CALIBRE 50,EL INMIGRANTE
1577,CONJUNTO PRIMAVERA,CON SOLO VERTE UNA VEZ MAS
1578,3BALL MTY,INTENTALO
1579,BANDA RANCHO VIEJO,CON LA NOVEDAD
1580,LA MAFIA,EL AMOR
1581,VICENTE FERNANDEZ,ACA ENTRE NOS
1582,LA SONORA DINAMITA,QUE BELLO
1583,LOS BUITRES,YA ME VI
1584,LA ARROLLADORA BANDA EL LIMÓN,EXCLUSIVO DE TI
1585,LOS HURACANES DEL NORTE,AMARTE ES HERMOSO
1586,CARLOS Y JOSE,EL CHUBASCO
1587,BANDA LA EXCESIVA,TU FORMA DE SER
1588,BANDA EL RECODO,SIN RESPIRACION
1589,LOS GUARDIANES DEL AMOR,"EL PERRO,EL GATO Y YO"
1590,DANIELA ZUÑIGA,ME ILUSIONA
1591,LOS TUCANES DE TIJUANA,ME GUSTA VIVIR DE NOCHE
1592,MAXIMO GRADO,ME ENAMORE
1593,BANDA TIERRA MOJADA,LO HUBIERAS HECHO CON TU CORAZON
1594,LOS TIGRES DEL NORTE,LA TUMBA FALSA
1595,GERARDO ORTIZ,MAS CARO QUE AYER
1596,SONORA TROPICANA,EL GRAN BARON
1597,REMMY VALENZUELA,30 CARTAS
1598,ALTO NIVEL,AHORA ESTOY EN TU LUGAR
1599,PESADO,LOCO
1600,BANDA EL RECODO,ME PROMETI OLVIDARTE
1601,INTOCABLE,NO TE VAYAS
1602,CRECER GERMAN,LO QUE TE AMO
1603,EL PODER DEL NORTE,PERO ME PERDON
1604,JUAN GABRIEL,EL NOA NOA
1605,LOS CARDENALES DE NUEVO LEON,ESE
1606,REGULO CARO,VOY A PISTEARME EL DOLOR
1607,DUELO,EL BURRITO DE BELEN
1608,PALOMO,DE UNO Y DE TODOS LOS MODOS
1609,GRUPO LIBRA,SIGNO LIBRA
1610,KUMBIA KINGS,FUISTE MALA
1611,NORTEÑO 4.5 CASI NADA,"VOLE,SOÑE Y LA AME"
1612,VICENTE FERNANDEZ,UN MILLON DE PRIMAVERAS
1613,LOS TUCANES DE TIJUANA,MUNDO DE AMOR
1614,EDWIN LUNA Y LA TRAKALOSA DE MONTERREY,PUDE HABER SIDO YO
1615,SONIDO MAZTER,FALSA TRAICION
1616,BANDA MS,DE TI ENAMORADO
1617,SEPTIMO PECADO,Las huellas de tus besos
1618,TAPY QUINTERO,NO TENGO RIVAL
1619,LOS SHELES,DAME CERVEZA
1620,LOS HEREDEROS DE NUEVO LEON,DEJAME LA PUERTA ABIERTA
1621,BANDA LA EJECUTIVA,ALGO BIEN
1622,LA ARROLLADORA BANDA EL LIMÓN,Y QUE QUEDE CLARO
1623,SEPTETO ACAREY,TU ERES MI SUEÑO
1624,EDDY HERRERA,SOMBRAS
1625,GRUPO LA INVASION,ES MAS FACIL
1626,VIRLAN GARCIA,MI VIDA ERES TU
1627,BANDA MACHOS,LA SUEGRA
1628,ANA BARBARA,LO BUSQUE
1629,CHAYIN RUBIO,SECUELAS DE AMOR
1630,BANDA SAN JOSE DE MESILLAS,TE AMO Y TE AMO
1631,INTOCABLE,ESTAS QUE TE PELAS
1632,LOS HIJOS DEL PUEBLO,EL BOTECITO
1633,BANDA MS,EL COLOR DE TUS OJOS (VERSION ACUSTICA)
1634,LOS DAREYES DE LA SIERRA,HASTA EL DIA DE HOY
1635,MARILYN ODESSA FT. MARISELA,BLANCA NAVIDAD
1636,CALIBRE 50,BOHEMIO LOCO
1637,EL KOMANDER,TRAGOS DE ALCOHOL
1638,GRUPO BRYNDIS,POR QUE?
1639,LA ORIGINAL BANDA EL LIMON,QUE ME DIGAN LOCO
1640,VICENTE FERNANDEZ,LASTIMA QUE SEAS AJENA
1641,DEZIGUAL,BIEN PEGAO
1642,LA TRADICION DEL NORTE,CORAZON
1643,JENNI RIVERA,YA LO SE
1644,JOSS FAVELA,CUANDO FUIMOS NADA
1645,LA SEPTIMA BANDA,QUE TONTERIA
1646,FORTALEZA CONTINUA,MI ENCANTO
1647,CARIN LEON,QUISIERA SABER
1648,MIGUEL Y MIGUEL,SONORA Y SUS OJOS NEGROS
1649,SERGIO VEGA,MI BUEN AMANTE
1650,NORTEÑO VIP,NO TE VAS A ARREPENTIR
1651,BANDA MACHOS,UN INDIO QUIERE LLORAR
1652,ESPINOZA PAZ,PERDI LA POSE
1653,BANDA LA TRAKALOSA,UN PAR DE CERDOS
1654,MARIACHI VARGAS DE TECATITLAN,SON DE LA NEGRA
1655,FIEVRE LOOKA,EL BALA BALAJU
1656,DUELO,UN HOMBRE CON SUERTE
1657,BANDA TIERRA SAGRADA,LA REPETICION
1658,RAMON AYALA Y SUS BRAVOS DEL NORTE,TRAGOS AMARGOS
1659,LOS ANGELES DE CHARLY,AMOR SECRETO
1660,JOSEPH FONSECA,EL CABALLITO DE PALO
1661,JENNI RIVERA,TU CAMISA PUESTA
1662,LA INOLVIDABLE FT. BANDA MACHOS,POPURRÍ MACHOS
1663,JUAN GABRIEL,CARAY
1664,INTOCABLE,ALGUIEN TE VA HACER LLORAR
1665,BANDA LOS RECODITOS,CUANDO TE ENTREGUES A EL
1666,BANDA CARNAVAL,LO QUE PIENSO EN TI
1667,LOS CARDENALES DE NUEVO LEON,NECESITO DECIRTELO
1668,LOS ACOSTA,DEJA UNA ROSA EN TU BALCON
1669,LOS ALEGRES DE LA SIERRA,ASI COMO HOY
1670,GRUPO CODICIADO,GENTE DE ACCIONAR
1671,LOS ACOSTA,CONTRA EL DRAGON
1672,LOS BARON DE APODACA,CUANDO NADIE TE QUIERA
1673,CARIN LEON,AMORCITO MIO
1674,SERGIO VEGA,LA NUMERO 20
1675,CALIBRE 50,TE ESTOY ENGAÑANDO CON OTRA
1676,ALFREDO OLIVAS,VILLANA DE CUENTOS
1677,EDWIN LUNA Y LA TRAKALOSA DE MONTERREY,DOS MONEDAS
1678,INTOCABLE,SUEÑA
1679,LA SONORA DINAMITA FT. EMIR PABÓN,LA PARABÓLICA
1680,LOS TUCANES DE TIJUANA,ESPEJEANDO
1681,VALENTIN ELIZALDE,EN ESTA NAVIDAD
1682,BANDA SAN JOSE DE MESILLAS,10 SEGUNDOS
1683,GRUPO MOJADO,TONTA
1684,LOS BYBYS,NO FUISTE TU
1685,"LOS CORCELES DE LINARES,CONJUNTO AGUA AZUL",QUE CHULOS OJOS
1686,LA SONORA COQUETA,MONTERREY
1687,LA ORIGINAL BANDA EL LIMON,NO ME DOLIO
1688,ALFREDO OLIVAS,EL MALO DE CULIACAN
1689,BANDA LOS RECODITOS,MIENTRAS TU JUGABAS
1690,BANDA LA AUTENTICA,LA RATA FLACA
1691,LA PODEROSA BANDA SAN JUAN,EL ANTES Y EL DESPUES
1692,LUPILLO RIVERA,DESPRECIADO
1693,PANCHO BARRAZA,HISTORIA DE UN AMOR
1694,NELSON KANZELA,EL OSO POLAR
1695,LA MAFIA,COMO ME DUELE AMOR
1696,GRUPO BEBETO,ERES MI NECESIDAD
1697,LOS CARDENALES DE NUEVO LEON,SI YO FUERA EL
1698,LOS TIGRES DEL NORTE,AMERICA
1699,"PESADO,BOBBY PULIDO",ME DERRITO
1700,BANDA ARKANGEL R15,VOY A PINTAR MI RAYA
1701,SIGGNO,YA NO ME PERTENECES
1702,SOSPECHOS MX,A QUE ESTAMOS JUGANDO
1703,"LA INICIATIVA,BANDA LOS RECODITOS",CONVIDELA
1704,LOS BUKIS,COMO FUI A ENAMORARME DE TI
1705,LA ARROLLADORA BANDA EL LIMÓN,DISPONIBLE PARA MI
1706,LOS ROJOS,EL BOMBON
1707,LOS ANGELES DE CHARLY,UN SUEÑO
1708,LOS TIGRES DEL NORTE,AMOR DE MADRE
1709,GERMAN MONTERO,BUMPER CHOQUE
1710,JENNI RIVERA,MIRAME
1711,VAGON CHICANO,NECESIDAD
1712,PESADO,ME ESTORBAS
1713,FITO OLIVARES,EL COLESTEROL
1714,LOS ACOSTA,VOY A PINTAR UN CORAZON
1715,LOS CADETES DE LINARES,EL PALOMITO
1716,BANDA LOS RECODITOS,LA ESCUELITA
1717,GRUPO VELCHA,TU TRAICION SE ACABO
1718,LUIS ANGEL EL FLACO,BAILARE
1719,"KIKIN Y LOS ASTROS,EDWIN LUNA Y LA TRAKALOSA",DISCULPEME
1720,JENNI RIVERA,COMO TU MUJER
1721,LOS MORROS DEL NORTE,CUANDO ME VAYA
1722,KIKIN Y LOS ASTROS,EL HUAPANGO DE LUISMI
1723,LOS CHERRYES,LIKE
1724,LOS BUKIS,MI MAYOR NECESIDAD
1725,LA ARROLLADORA BANDA EL LIMÓN,TRAICIONERA
1726,"JUAN GABRIEL,ALEJANDRO FERNANDEZ",TE QUISE OLVIDAR
1727,REGULO CARO,SOLTERO DISPONIBLE
1728,INDUSTRIA DEL AMOR,ROSAS ROJAS
1729,JENNI RIVERA,PALOMA NEGRA
1730,LATENTE,QUE VUELVA
1731,LOS HURACANES DEL NORTE,DOBLE FONDO (EN VIVO)
1732,VICENTE FERNANDEZ,LA LEY DEL MONTE
1733,CALIBRE 50,QUE TIENE DE MALO
1734,LA SONORA DINAMITA,SE ME PERDIO LA CADENITA
1735,"PANCHO URESTI,MELISSSA",PISTIAREMOS
1736,CHUY LIZARRAGA,DONDE ESTAS PRESUMIDA
1737,RUBY ESCOBAR,YA NO TE QUIERO
1738,LOS TITANES DE DURANGO,HOY ES MI CUMPLEAÑOS
1739,DESTINY NAVAIRA,"ENTREGATE,ENTREGATE"
1740,ESPINOZA PAZ,AL DIABLO LO NUESTRO
1741,SAUL EL JAGUAR,COMO DONDE Y CUANDO
1742,ALEJANDRA OROZCO,QUEDA PROHIBO (BANDA)
1743,LA ORIGINAL BANDA EL LIMON,MAYOR DE EDAD
1744,BRONCO,NAILA
1745,BANDA PEQUEÑOS MUSICAL,REENCUENTRO
1746,BANDA EL RECODO,LA MIEL DE SU SALIVA
1747,EL DE LA GUITARRA,A LO LEJOS ME VERAN
1748,LOS BUITRES,CIEGA POR EL
1749,INTOCABLE,DAME UN BESITO
1750,LOS RIELEROS DEL NORTE,VOY A LLORAR POR TI
1751,BANDA EL RECODO,LO MEJOR DE MI VIDA
1752,MARCO ANTONIO SOLIS,O ME VOY O TE VAS
1753,ALEJANDRA OROZCO,DOS ADORNOS PA TU FRENTE
1754,RETOÑOS DEL RIO,DAME UNA SEÑAL
1755,JOSE ALFREDO JIMENEZ,EL REY
1756,LOS ANGELES DE CHARLY,ME VOLVI A ACORDAR DE TI
1757,MARCO FLORES Y SU NUMERO 1 BANDA JEREZ,VENGO DE ENGAÑARTE
1758,EL COYOTE Y SU BANDA,TE SOÑE
1759,BANDA MAGUEY,EVA MARIA
1760,GERARDO ORTIZ,DAMASO
1761,RAYITO COLOMBIANO,BESAR TU PIEL
1762,SERGIO VEGA,DISCULPE USTED (VERSION BANDA)
1763,BANDA RANCHO VIEJO,UNA ENTRE UN MILLON
1764,VICENTE FERNANDEZ,PARA SIEMPRE
1765,DIEGO HERRERA,LA NOCHE LARGA
1766,CARLOS Y JOSE,AMORES FINGIDOS
1767,ADA OLEA,NO TE MIENTO
1768,DUELO,UN MINUTO MAS
1769,MARGARITA,ESCANDALO
1770,LOS ROJOS,LA CONECTE
1771,BANDA LA DELICTIVA,ESTO SE VA A DESCONTROLAR
1772,LEANDRO RIOS,COCTEL DE OLVIDO
1773,EL COYOTE Y SU BANDA,PARA IMPRESIONARTE
1774,MARCO ANTONIO SOLIS,MI ETERNO AMOR SECRETO
1775,BANDA MACHOS,LAS NACHAS
1776,CLAUDIO ALCARAZ,MEMORIAS DE UN IDIOTA
1777,RAYMIX,PERDONAME
1778,BANDA CARNAVAL,PIDEME
1779,LOS HURACANES DEL NORTE,DIEZ MINUTOS MAS
1780,BANDA MACHOS,LA SECRETARIA
1781,JUAN GABRIEL,LA FARSANTE
1782,CALIBRE 50,EL INFIERNITO
1783,LA APUESTA,POR TI
1784,LOS TEMERARIOS,TU INFAME ENGANO
1785,ALTA CONSIGNA,EL PODER DE TU MIRADA
1786,LOS HERMANOS VEGA,HOY VI A SANTA CLAUS BESAR A MAMA
1787,JOE ARROYO,REBELION
1788,SAUL EL JAGUAR,MI NIÑA ADORADA
1789,LOS TITANES DE DURANGO,SALUCITA DE LA BUENA
1790,LOS RIELEROS DEL NORTE,TE QUIERO MUCHO
1791,GRUPO FRISIAN,COMO LO VOY A EXTRAÑAR
1792,SIMON LEON,AMANDO DEMASIADO
1793,ESPINOZA PAZ,LLEVAME
1794,JOSE JOSE,LO DUDO
1795,EDWIN LUNA Y LA TRAKALOSA DE MONTERREY,EN TODA LA CHAPA
1796,BANDA LOS SEBASTIANES,EL CUENTO PERFECTO
1797,LOS TIGRES DEL NORTE,LA BALA
1798,"LOS ANGELES AZULES,ANA TORROJA",AY AMOR
1799,LALO CARMONA,COMO MI MUJER
1800,LA ARROLLADORA BANDA EL LIMÓN,CONFESION
1801,LOS INVASORES DE NUEVO LEON,LAURITA GARZA
1802,BANDA BLANCA,SOPA DE CARACOL
1803,JOAN SEBASTIAN,HASTA QUE AMANEZCA
1804,JOAN SEBASTIAN,LA DERROTA
1805,LOS BUITRES,AMANTE DE OCASION
1806,MARCO FLORES Y SU NUMERO 1 BANDA JEREZ,AMOR DE LA VIDA ALEGRE
1807,SIGGNO,#HASHTAG
1808,LOS HURACANES DEL NORTE,BORRACHO Y LOCO
1809,BANDA MS,TE EQUIVOCAS
1810,LA SEPTIMA BANDA,SE VA MURIENDO MI ALMA
1811,Martin sanchez,Tú
1812,JOSE JOSE,SI ME DEJAS AHORA
1813,EL BEBETO,COMO OLVIDARTE
1814,BANDA CUISILLOS,VANIDOSA
1815,VICENTE FERNANDEZ,LAS LLAVES DE MI ALMA
1816,LA ARROLLADORA BANDA EL LIMÓN,MEDIA NARANJA
1817,ANA BARBARA,COMO ME HACES FALTA
1818,ROBERTO JR Y SU BANDEÑO,LE QUITO LO FRESA
1819,BANDA LOS RECODITOS,LA PEDA
1820,Sane Ornelas,Dueña de mi vida
1821,BANDA LOS RECODITOS,EN RESUMEN
1822,GRUPO JALADO,DEJAME PENSAR
1823,H NORTEÑA,DONDE ESCONDO QUE TE AMO
1824,CHALINO SANCHEZ,ALMA ENAMORADA
1825,CHUY LIZARRAGA,Y QUE HA SIDO DE TI
1826,RAMON AYALA Y SUS BRAVOS DEL NORTE,DEL OTRO LADO DEL PORTON
1827,BANDA PEQUEÑOS MUSICAL,PEQUEMIX 2
1828,VALENTIN ELIZALDE,VOLVERE A AMAR
1829,BANDA MS,INCREIBLE
1830,JOAN SEBASTIAN,ME GUSTAS
1831,LOS FELINOS,LAPIZ LABIAL
1832,BANDA MS,PIDEME PERDON
1833,MARCO FLORES Y SU NUMERO 1 BANDA JEREZ,POR UNA LAGRIMA
1834,LOS TIGRES DEL NORTE,MI BUENA SUERTE
1835,ROBERTO TAPIA,ME DUELE
1836,ALACRANES MUSICAL,POR TU AMOR
1837,BANDA LA COSTEÑA,UNA AVENTURA
1838,BANDA LA TRAKALOSA,COMO TE LLAMAS
1839,LOS HOROSCOPOS DE DURANGO,DOS LOCOS
1840,BANDA SAN JOSE DE MESILLAS,CON LA PALMA DE MI MANO
1841,ALFREDO OLIVAS,Y POR QUE NO
1842,BANDA CARNAVAL,ELLA ES MI MUJER
1843,LOS CAMINANTES,DOS CARTAS Y UNA FLOR
1844,BANDA LOS RECODITOS,ME TOCO PERDER
1845,ARMANDO CORTES,TENGO TANTAS GANAS
1846,LOS GFEZ,LA CANELERA
1847,TROPICALISIMO APACHE,LA HIERBA SE MOVIA
1848,ADAN ROMERO,A PRIMERA VISTA
1849,MARGARITA,COLEGIALA
1850,LOS DINNOS,EL TAXISTA
1851,BANDA EL RECODO,GRACIAS POR TU AMOR
1852,JULION ALVAREZ,LA NIÑA
1853,LA ARROLLADORA BANDA EL LIMÓN,SI TU AMOR NO VUELVE
1854,JUAN GABRIEL,BUENOS DIAS SEÑOR SOL
1855,"LOS TUCANES DE TIJUANA,CODIGO FN",SUENA LA BANDA
1856,EDWIN LUNA Y LA TRAKALOSA DE MONTERREY,PREGUNTALE
1857,LOS CARDENALES DE NUEVO LEON,EL PRIMER TONTO
1858,EFRAIN TOLEDO FT. BANDA ZARIHUEN,EL CAMPESINO Y EL NARCO
1859,ANTONIO AGUILAR,TRISTES RECUERDOS
1860,LA ORIGINAL BANDA EL LIMON,LA ORIGINAL
1861,JOAN SEBASTIAN,JULIANTLA
1862,LOS FUGITIVOS,LA LOCA
1863,PIPO RODRIGUEZ,CARIÑITO CORAZON
1864,LOS INTERNACIONES CADETES,REGALO DE REYES
1865,LA BANDONONONA RANCHO VIEJO,PRIVILEGIO
1866,EL KOMANDER,PROHIBIDA
1867,BANDA CUISILLOS,NAVIDAD SIN TI
1868,LOS TIGRES DEL NORTE,MAÑANITAS TAPATIAS
1869,FUERZA REGIDA,EL MUCHACHO ALEGRE
1870,BANDA EL RECODO,COMO PUDISTE
1871,LOS ANGELES AZULES,AY AMOR
1872,LA SONORA DINAMITA,CAPULLO Y SORULLO
1873,JUAN GABRIEL,NO VALE LA PENA
1874,RAYITO COLOMBIANO,AL DESPERTAR
1875,LOS GALAVIZ,CUAL SERA LA CURA
1876,INTOCABLE,DONDE ESTAS
1877,ALICIA VILLAREAL,HAZ LO QUE QUIERAS
1878,LAURA LEON,YO NO SOY ABUSADORA
1879,CONTROL,VIVA EL AMOR
1880,ALEJANDRO FERNANDEZ,TANTITA PENA
1881,CHUY LIZARRAGA,LA SERENATA DE UN LOCO
1882,LA SONORA DINAMITA,ESCANDALO
1883,EL KOMANDER,ABUSAMOS DEL ALCOHOL
1884,KUMBIA KINGS WITH JUAN GABRIEL,NO TENGO DINERO
1885,CHUY LIZARRAGA,NO ES CULPA TUYA
1886,RAYMIX,FAKE LOVER
1887,BOBBY PULIDO,LE PEDIRE
1888,BANDA MACHOS,CHIQUITA BONITA
1889,PEPE GOMEZ JR Y SU GPO. UNION 82FTLA FREGONA,LA NALGONCITA
1890,GRUPO BRYNDIS,TE ESPERARE
1891,INTOCABLE,TE AMO PARA SIEMPRE
1892,LA ARROLLADORA BANDA EL LIMÓN,COMPARAME
1893,PESADO,ABRAZAME
1894,PEPE AGUILAR,POR UNA MUJER BONITA
1895,GRUPO KUAL,LA CUMBIA DEL WIRITO
1896,JENNI RIVERA,AMARGA NAVIDAD
1897,LOS INFINITOS,Mujer Interesada
1898,"AARON Y SU GRUPO ILUSION,MARIANA SEOANE",TE VAS
1899,JUAN GABRIEL,ABRAZAME MUY FUERTE
1900,EL BEBETO,ETIQUETA AZUL
1901,LOS TIGRES DEL NORTE,EL EJEMPLO
1902,PATRULLA 81,ERES DIVINA
1903,LOS ANGELES AZULES,ENTREGA DE AMOR FT SAUL HERNANDEZ
1904,YANET GUADALUPE Y SU GRUPO,EL ESTUPIDO
1905,LOS TEMERARIOS,LA MEJOR QUE SOÑE
1906,INTOCABLE,COQUETA
1907,SONORA SANTANERA,PERFUME DE GARDENIAS
1908,ALFREDO OLIVAS,TUS LAGRIMAS
1909,LA MAFIA,UN ADIOS ES DE DOS
1910,LA ORIGINAL 614,UN TONTO
1911,JOSE JOSE,PRESO
1912,LA SONORA DINAMITA,MIL HORAS
1913,"OZUNA,DOJA CAT,SIA",DEL MAR
1914,LOS CARDENALES DE NUEVO LEON,SOY LO PEOR
1915,LOS ALAMEÑOS DE LA SIERRA,PERFECTA
1916,LOS TUCANES DE TIJUANA,PARRANDEANDO
1917,LISANDRO MEZA,VUELVE
1918,LOS TIGRES DEL NORTE,JOSE PEREZ LEON
1919,LOS HURACANES DEL NORTE,PA QUE TE CASABAS JUAN
1920,LUIS MADRID,MIENTRAS ME VOY
1921,LOS PLEBES DEL RANCHO DE ARIEL CAMACHO,NO LO HICE BIEN
1922,RAMON AYALA Y SUS BRAVOS DEL NORTE,MI GOLONDRINA
1923,LIMITE,SENTIMIENTOS
1924,BETO ZAPATA,BOTELLITAS
1925,LA SEPTIMA BANDA,SE DEFIENDE
1926,VALENTIN ELIZALDE,A MIS ENEMIGOS
1927,PESADO,HUMILLATE
1928,INTOCABLE,ESO DUELE
1929,CONJUNTO PRIMAVERA,HAZME OLVIDARLA
1930,BANDA LOS SEBASTIANES,INCOMPLETO
1931,LADRON,TU ME QUIERES LASTIMAR
1932,"MARCO ANTONIO SOLIS,REMMY VALENZUELA",SE VA MURIENDO MI ALMA
1933,ALEJANDRO FERNANDEZ,ME ESTOY ENAMORANDO
1934,EL COYOTE Y SU BANDA,CITA CON UN INVENTO
1935,BRIAN SANDOVAL,FLOR PALIDA
1936,SOLIDO,HASTA LA CIMA DEL CIELO
1937,EL KOMANDER,HOY TOCA
1938,BANDA RANCHO VIEJO,LA CAMISA MANCHADA
1939,"LA LEYENDA,LOS CLAXONS",CREO QUE NO
1940,PESADO,MIENTRAS DORMIAS
1941,JUAN GABRIEL,NO DISCUTAMOS
1942,LA SONORA DINAMITA,HECHICERIA
1943,LA IMPONENTE VIENTOS DE JALISCO,APOCO NO RECUERDAS
1944,LOS ELEMENTOS DE CULIACAN,CONTIGO
1945,PEDRO FERNANDEZ,ME ENCANTAS.
1946,LOS BUKIS,MI MORENITA
1947,DUELO,ADICTO
1948,JULIO PRECIADO,DOS HOJAS SIN RUMBO
1949,CLAUDIO ALCARAZ,EL PU
1950,GRUPO NICHE,UNA AVENTURA
1951,INTOCABLE,TU ADIOS NO MATA
1952,LA ORIGINAL BANDA EL LIMON,ME ESTA DOLIENDO EL ALMA
1953,LA ARROLLADORA BANDA EL LIMÓN,LO HICISTE OTRA VEZ
1954,CHUY LIZARRAGA,NOMAS FALTO QUE ME QUISIERAS
1955,LOS TEMERARIOS,YA ME VOY PARA SIEMPRE
1956,FARID AUN,SEÑORA DE LAS 4 DECADAS
1957,PESADO,QUE AUN TE AMO
1958,LA SEPTIMA BANDA,QUE PERRON
1959,FIDEL RUEDA,COMO NO QUERIENDO
1960,BANDA EL RECODO,VALE LA PENA
1961,CONJUNTO PRIMAVERA,MORIR DE AMOR
1962,PEDRO INFANTE,CIEN AÑOS
1963,REVANCHA NORTEÑA,COMO DECIRTELO
1964,BANDA ZIRAHUEN,¿Y quien puede ser?
1965,GRUPO G,LA INCONFORME
1966,LOS DOS CARNALES,AL ESTILO RANCHERO
1967,DIEGO HERRERA,Y SI PONES ATENCION
1968,CHICO CHE CHICO FT EL BEBETO,YO NO BAILO CON JUANA
1969,SERGIO VEGA,CUANDO EL SOL SALGA AL REVES
1970,"ALFREDO OLIVAS,FEDERICO FIGUEROA",SIN DETALLES
1971,INTOCABLE,DEJAME AMARTE
1972,COMPLICES,EL BAILE DEL SAPITO
1973,BANDA ESTRELLAS DE SINALOA DE GERMAN LIZARRAGA,SILVIA HERMOSA
1974,PEEWEE,MAS QUE SEXO
1975,BETO VEGA,VOY A ESTAR BIEN
1976,LOS HOROSCOPOS DE DURANGO,PENSE QUE DOLERIA
1977,LEANDRO RIOS,TU GRAN CORAZON
1978,JOVANKO IBARRA,PRIMERO TU
1979,DIEGO HERRERA,COMO DUELE FT BANDA LA TRAKALOSA
1980,BANDA LA TRAKALOSA,DOBLE VIDA
1981,LOS TITANES DE DURANGO,EL PROSTIPIRUGOLFO
1982,JOEY MONTANA,PICKY
1983,LA SEPTIMA BANDA,ME EMPEZO A VALER
1984,JOSE JOSE,VOLCAN
1985,ESPINOZA PAZ,PORQUE LA ENGAÑE
1986,LA ARROLLADORA BANDA EL LIMÓN,TU HISTORIA FUE CONMIGO
1987,BANDA EL RECODO,TE QUIERO A MORIR
1988,BANDA RANCHO VIEJO,CON QUE DERECHO
1989,PAQUITA LA DEL BARRIO,RATA DE DOS PATAS
1990,EMIR PABON,ECHA PA LANTE
1991,BANDABUCANERA,DOÑA MARIQUITA
1992,DIEGO HERRERA,BIEN CALADA
1993,JULIO PRECIADO,AUNQUE NO SEA CONMIGO
1994,LA ARROLLADORA BANDA EL LIMÓN,YO SI TE AME
1995,EL PODER DEL NORTE,TENGO GANAS DE TI
1996,CONJUNTO PRIMAVERA,PERDONAME MI AMOR
1997,JUAN GABRIEL,SE ME OLVIDO OTRA VEZ
1998,LOS CADETES DE LINARES,LOS DOS AMIGOS
1999,TOÑO LIZARRAGA,LOS GUSTOS QUE TIENE EL MUCHACHO
2000,LOS TEMERARIOS,CUANDO PIENSO EN TI