image_dir,description,text
..\train\data\output\divide_images_train\Capitulo 2\Comic2-color-fix_001\panel_1.jpg,Escoria defends herself with a sword from a bunch of harpys attack. Harpys furiously attack with their claws. Edrei with angry expression cast a magic spell with his wand,
..\train\data\output\divide_images_train\Capitulo 2\Comic2-color-fix_002\panel_1.jpg,A black magic lightning shocks an harpy. The harpy falls from flying. A harpy attacks Edrei with its claw. Edrei defends himself, RAAWRRR
..\train\data\output\divide_images_train\Capitulo 2\Comic2-color-fix_002\panel_2.jpg,Escoria holds a harpys claw with her left arm. Escoria holds a sword with her right hand. Escoria has an angry battle expression,
..\train\data\output\divide_images_train\Capitulo 2\Comic2-color-fix_003\panel_1.jpg,Escoria grips a harpy by its claw and swings a sword. Escoria looks at her right with a serious expression,
..\train\data\output\divide_images_train\Capitulo 2\Comic2-color-fix_003\panel_2.jpg,Escoria throws an harpy by brute force. Two harpys look at each other surprised. Two harpys scream. Edrei holds a magic wand with a shocked face, ¡TUYA. CANIJO! AAAARGH!!! GNEK?! ¿¿¡CÓMO QUE MÍA??!
..\train\data\output\divide_images_train\Capitulo 2\Comic2-color-fix_003\panel_4.jpg,Two harpys crashed between them violently, CRACK
..\train\data\output\divide_images_train\Capitulo 2\Comic2-color-fix_003\panel_5.jpg,Escoria is turned back. Escoria fights an harpy with a sword. An harpy fights and ups its claws. A harpy moves its wings fast,
..\train\data\output\divide_images_train\Capitulo 2\Comic2-color-fix_003\panel_6.jpg,A harpy kneels on the floor and has a tired expression. Edrei looks surprised, ¡OH!
..\train\data\output\divide_images_train\Capitulo 2\Comic2-color-fix_003\panel_7.jpg,Edrei ups his hand and holds a magic wand. A light of flame appears on the hand. Fire around Edrei,
..\train\data\output\divide_images_train\Capitulo 2\Comic2-color-fix_004\panel_1.jpg,A harpy burns in fire and screams. Escoria is hurt by an harpys claw. Escoria has a pain and angry face,¡¡AAARGH!!
..\train\data\output\divide_images_train\Capitulo 2\Comic2-color-fix_004\panel_2.jpg,Escoria looks behind her with a furious look. A pair of firmly hands hold a sword. Escoria pierces a harpy with a sword,
..\train\data\output\divide_images_train\Capitulo 2\Comic2-color-fix_004\panel_3.jpg,Edrei shivers and smiles nervously. Edrei holds is wand with his left arm. Edrei is crying, ...EDREI. ¿ESTÁS BIÉN? SI
..\train\data\output\divide_images_train\Capitulo 2\Comic2-color-fix_004\panel_4.jpg,Escoria is turned away. Escoria has a wound on his back. A man lies among the rocks, PUES LLEGAMOS TARDE. VOLVAMOS AL PUEBLO.
..\train\data\output\divide_images_train\Capitulo 4\Comic4_001\panel_1.jpg,Escoria and Edrei are turned back. A man sitted on a wagon smiles with humble, VARIOS DÍAS DESPUÉS ¡ADIÓS DON MANUEL!
..\train\data\output\divide_images_train\Capitulo 4\Comic4_001\panel_2.jpg,Escoria and Edrei walks near a large house on a busy street of the port. A man carries a box along the docks. A man is sitting at the end of the pier looking at the sea. Two women are talking near a house wall, PUERTO BLANCO
..\train\data\output\divide_images_train\Capitulo 4\Comic4_001\panel_3.jpg,Escoria is looking ahead with a calm expression. Edrei looks back to a beautiful woman with a charming face,
..\train\data\output\divide_images_train\Capitulo 4\Comic4_001\panel_4.jpg,A hand is near a sack. A man holds a book,
..\train\data\output\divide_images_train\Capitulo 4\Comic4_001\panel_5.jpg,Edrei looks back himself with a surprised expression. A man runs with a sack in his hand, ¡ALTO LADRÓN!
..\train\data\output\divide_images_train\Capitulo 4\Comic4_001\panel_6.jpg,Escoria has an exasperated expression covering part of her face with her hand. Edrei runs with urgency, MENUDO IDIOTA...
..\train\data\output\divide_images_train\Capitulo 4\Comic4_001\panel_7.jpg,Escoria looks forward with an axhausted face, NO SOY LA NIÑERA DE NADIE
..\train\data\output\divide_images_train\Capitulo 4\Comic4_002\panel_1.jpg,Escoria is talking with a man, ¿ENTONCES EL BARCO SALE EN QUINCE MINUTOS?
..\train\data\output\divide_images_train\Capitulo 4\Comic4_002\panel_2.jpg,Edrei is running with an angry face near a hooded man. A man with a hood and a cloack smiles,
..\train\data\output\divide_images_train\Capitulo 4\Comic4_002\panel_3.jpg,Edrei is turning back watching a man running throw a dark street, TE TENGO
..\train\data\output\divide_images_train\Capitulo 4\Comic4_002\panel_4.jpg,There are four people. Edrei is turned back looking at three men. A bald and half nacked man with a beard holds a knife. A cloacked bearded man holds a little sack in his hand. A big man with short pants holds a stick in his hands, VAYA. VAYA ¿QUÉ TENEMOS AQUÍ? UN NIÑO RICO ESTÚPIDO. ERA UNA PREGUNTA RETÓRICA
..\train\data\output\divide_images_train\Capitulo 4\Comic4_003\panel_1.jpg,Edrei looks angry and takes his wand down his right arm. A blonde man standing smiles with an scary face,
..\train\data\output\divide_images_train\Capitulo 4\Comic4_003\panel_2.jpg,A hand holds a magic wand, ¡ES UN MAGO!
..\train\data\output\divide_images_train\Capitulo 4\Comic4_003\panel_3.jpg,A hand lifts a magic wand. The wand shines with a glow of magic,
..\train\data\output\divide_images_train\Capitulo 4\Comic4_003\panel_4.jpg,A man crashes his head and broke a box. A hooked man has a shocked face. A man with a cloack and a hood is running forward. Edrei shows surprised, ¡AARGH!
..\train\data\output\divide_images_train\Capitulo 4\Comic4_003\panel_5.jpg,A stick rolls in the air. A foot is hitted. A man stomps on the floor,
..\train\data\output\divide_images_train\Capitulo 4\Comic4_004\panel_1.jpg,Edrei appears concerned holding his wand. Escoria is surrounded by a yellow glow and has shiny eyes with an angry ando powerful expression. A blonde man looks startled,
..\train\data\output\divide_images_train\Capitulo 4\Comic4_004\panel_2.jpg,A blonde man i trying to push away Edrei. Escoria's face looks angry. A hand grips an arm. Escoria is throwing a blonde man. A blonde man falls against a man with a cloack,
..\train\data\output\divide_images_train\Capitulo 4\Comic4_004\panel_3.jpg,A blonde man falls against a man with a cloack. a small sack shines on the floor,
..\train\data\output\divide_images_train\Capitulo 4\Comic4_004\panel_4.jpg,Edrei looks back himself with a happy face. A bald man with a beard is holding a knife, ¡ESCORIA!
..\train\data\output\divide_images_train\Capitulo 4\Comic4_004\panel_5.jpg,Escoria has a furious face and a dangerous looking eyes,
..\train\data\output\divide_images_train\Capitulo 4\Comic4_004\panel_6.jpg,A bald man is hidding behind a box,
..\train\data\output\divide_images_train\Capitulo 4\Comic4_004\panel_7.jpg,A bald man with a beard looks scared,
..\train\data\output\divide_images_train\Capitulo 4\Comic4_004\panel_8.jpg,Escoria and Edrei are walking down a street. Escoria and Edrei are talking with a calm expression. A boat seals the sea. Escoria turns her head to the right with a comical angry face. Edrei is turned back and seems concerned,...AAAY MI ESPALDA... ERA EVIDENTE QUE ERA UNA TRAMPA SI NO LLEGAS A APARECER HUBIESE TENIDO PROBLEMAS EL PRIMER PASO ES ACEPTARLO. CUANDO TENGAMOS PROBLEMAS INTENTA SIEMPRE. ENTRE LOS ENEMIGOS Y TÚ. YO ESTÉ DE POR MEDIO. ¿Y SI NO ES POSIBLE? ENTONCES CONCÉNTRATE EN DEFENDERTE Y SALVARTE ¿ACABAMOS DE PERDER EL BARCO?
..\train\data\output\divide_images_train\Capitulo 5\Comic5_001\panel_1.jpg,A sailing ship navigates the water at night near a city,KUJIRA DAO
..\train\data\output\divide_images_train\Capitulo 5\Comic5_001\panel_2.jpg,Escoria and Edrei lands from the shipboard. A tiger looks back him. A minotaur with a red cloac raises his fist near a thing poor man,
..\train\data\output\divide_images_train\Capitulo 5\Comic5_001\panel_3.jpg,Edrei has a scared face and shows his teeth,
..\train\data\output\divide_images_train\Capitulo 5\Comic5_001\panel_4.jpg,A hand firmly grips an arm,
..\train\data\output\divide_images_train\Capitulo 5\Comic5_001\panel_5.jpg,Escoria holds Edrei's arm. Edrei seems scared. Escoria holds a sword in her back,NI SE TE OCURRA SEPARARTE DE MI GUARDA EL ORO COMO TE EXPLIQUÉ EN EL BARCO Y NO HABRÁ PROBLEMAS
..\train\data\output\divide_images_train\Capitulo 5\Comic5_002\panel_1.jpg,Escoria and Edrei walks among a lot of people straight to a building. The lights of a building are turned on. Edrei looks back him with a worried expression,
..\train\data\output\divide_images_train\Capitulo 5\Comic5_002\panel_2.jpg,Five people and one minutaur are standing around a table. A bald man wears a cloac with a patience look. A minotaur is arm crossed and stands against a wall. A soldier with an ornate helmet and an armor warches quietly. A sitted man has is eyes closed and writes a paper. Escoria and Edrei are turned away,
..\train\data\output\divide_images_train\Capitulo 5\Comic5_002\panel_3.jpg,Escoria smiles with a funny face, 
..\train\data\output\divide_images_train\Capitulo 5\Comic5_002\panel_4.jpg,Edrei looks to his left with a questioning expression,¿QUÉ TE HACE TANTA GRACIA. ESCORIA?
..\train\data\output\divide_images_train\Capitulo 5\Comic5_003\panel_1.jpg,Escoria looks happy and holds a sword in her back, HACÍA TIEMPO QUE NO ME HORMIGUEABA EL VIENTRE POR UNA BATALLA. PARECE QUE AQUÍ TENDREMOS ALGÚN DIGNO RIVAL...
..\train\data\output\divide_images_train\Capitulo 5\Comic5_003\panel_2.jpg,Edrei and Escoria are standing near a desktop with an ornate armored guard holding a spear and a man with a long blacj beard and sharped ears writes a paper,
..\train\data\output\divide_images_train\Capitulo 5\Comic5_003\panel_3.jpg,A hand slices a letter in a desktop who has a man writting on it,
..\train\data\output\divide_images_train\Capitulo 5\Comic5_003\panel_4.jpg,A man with a long black beard and sharped ears reads a letter,
..\train\data\output\divide_images_train\Capitulo 5\Comic5_004\panel_1.jpg,Edrei peeks out from behind Escoria with a confused expression. Escoria smiles,?
..\train\data\output\divide_images_train\Capitulo 5\Comic5_004\panel_2.jpg,A man with a long black beard and sharped ears gives two papers to the front with eyes closed,ENTRAD POR LA PUERTA OESTE. ALLÍ OS DARÁN LA ORDEN DE ENTRAR A LA ARENA CUANDO OS TOQUE
..\train\data\output\divide_images_train\Capitulo 5\Comic5_004\panel_3.jpg,A hand holds two papers,
..\train\data\output\divide_images_train\Capitulo 5\Comic5_004\panel_4.jpg,Edrei and Escoria walks throw a dark entrance. Edrei looks cautious,
..\train\data\output\divide_images_train\Capitulo 5\Comic5_005\panel_1.jpg,Two people descend a staircase into a room with a bench in front of a window,
..\train\data\output\divide_images_train\Capitulo 5\Comic5_005\panel_2.jpg,Escoria holds her sword with a tranquil face. Edrei looks back. A minotaur is sitting a bench near a window. A red dressed woman with glasses walks holding papers,
..\train\data\output\divide_images_train\Capitulo 5\Comic5_005\panel_3.jpg,Edrei and Escoria looks back theirselves. A woman with glasses holds a scroll with a happy expression, PERDONAD. VENGO A INFORMAROS LAS NORMAS ¿PUEDO VER SUS TARJETAS?
..\train\data\output\divide_images_train\Capitulo 5\Comic5_005\panel_4.jpg,A hand holds a card. A woman with glasses fits her glasses to the face and holds scroll. A woman with glasses pull up a finger and holds a scroll, CUANDO OS LLAME. VENDRÉIS. PODÉIS USAR VUESTRO ARMAMENTO. SI NO TENÉIS SE OS PROPORCIONARÁ UNO QUE DEBERÁ SER DEVUELTO AL FINALIZAR. POR ÚLTIMO. LOS HECHIZOS DEMASIADO PELIGROSOS ESTÁN RESTRINGIDOS. SI ALGUNO INTENTASE ALGO ASÍ. SERÁ DESCALIFICADO.
..\train\data\output\divide_images_train\Capitulo 5\Comic5_005\panel_5.jpg,Edrei and Escoria are sitted down. Edrei has an ill face and the eyes closed. Escoria smiles and holds a sword in her shoulder, TRAS VARIOS MINUTOS... AY NOOO... ¡¡ESCORIA Y EDREI!!
..\train\data\output\divide_images_train\Capitulo 5\Comic5_005\panel_6.jpg,Escoria and Edrei are walking throw a shiny door. Escoria holds a sword with her right arm and shoulder. Edrei look at his right and cry,
..\train\data\output\divide_images_train\Capitulo 6\Comic6_001\panel_1.jpg,A lot of people and a tiger claims and shouts excited,
..\train\data\output\divide_images_train\Capitulo 6\Comic6_001\panel_2.jpg,Edrei and Escoria are in front of a opened iron gate. Escoria greets holding her sword with a cheerful expression. Edrei looks cautious,
..\train\data\output\divide_images_train\Capitulo 6\Comic6_002\panel_1.jpg,A vibrant sound representation conveying an impact, ¡¡¡POM!!! ¡¡¡POM!!!
..\train\data\output\divide_images_train\Capitulo 6\Comic6_002\panel_2.jpg,Edrei and Escoria takes a guard battle position. Edrei holds his magic wand. Escoria holds her sword,
..\train\data\output\divide_images_train\Capitulo 6\Comic6_002\panel_3.jpg,A green threaten shinning eyes appears behind a closed iron gate, GRRRRRRR
..\train\data\output\divide_images_train\Capitulo 6\Comic6_003\panel_1.jpg,A beast paws lift a iron gate,CREEECK
..\train\data\output\divide_images_train\Capitulo 6\Comic6_003\panel_2.jpg,A chimera shows itself in a arena and roars with fury,
..\train\data\output\divide_images_train\Capitulo 6\Comic6_003\panel_3.jpg,A chimera roars with a fearsome expression showing its teeth, RAAAAAAAWRRR
..\train\data\output\divide_images_train\Capitulo 6\Comic6_004\panel_1.jpg,A chimera stands imposing in a arena,
..\train\data\output\divide_images_train\Capitulo 6\Comic6_004\panel_2.jpg,Escoria and Edrei stands deffensive in a arena,
..\train\data\output\divide_images_train\Capitulo 6\Comic6_004\panel_3.jpg,A chimera focus his view on Edrei who is in guard position. Escoria stands near him holding her sword with both hands,
..\train\data\output\divide_images_train\Capitulo 6\Comic6_004\panel_4.jpg,Escoria looks worried at Edrei who has a chimera in front of him in a arena. Edrei is turned back and looks scared,
..\train\data\output\divide_images_train\Capitulo 6\Comic6_005\panel_1.jpg,Escoria charges fearless with a battle scream, AAAAAAAAAAAAH!!
..\train\data\output\divide_images_train\Capitulo 6\Comic6_005\panel_2.jpg,Escoria prepares her sword to attack. A chimera jumps and attacks showing its claws and teeth,
..\train\data\output\divide_images_train\Capitulo 6\Comic6_005\panel_3.jpg,Escoria jumps holding her sword with boch arms and prepares to attack,
..\train\data\output\divide_images_train\Capitulo 6\Comic6_005\panel_4.jpg,Escoria looks back with a surprised face. The chimera passes by and charges forward,
..\train\data\output\divide_images_train\Capitulo 6\Comic6_005\panel_5.jpg,A beast attacks Edrei with its claw. Edrei cast a magic shiel with his wand. The magic shield cracks,
..\train\data\output\divide_images_train\Capitulo 6\Comic6_006\panel_1.jpg,Edrei covers his face with both arms and shows his teeth. A magic shield crashes violently,AGH!! CRASH!!!!
..\train\data\output\divide_images_train\Capitulo 6\Comic6_006\panel_2.jpg,Edrei falls with the back on the floor. Edrei has a painful face. A book is falling,
..\train\data\output\divide_images_train\Capitulo 6\Comic6_006\panel_3.jpg,Escoria slices her sword against a beast and wound it,
..\train\data\output\divide_images_train\Capitulo 6\Comic6_007\panel_1.jpg,A chimera looks back ands roars to Escoria,¡APARTA HUMANA. ESTO NO TE INCUMBE AÚN
..\train\data\output\divide_images_train\Capitulo 6\Comic6_007\panel_2.jpg,Escoria looks surprised,
..\train\data\output\divide_images_train\Capitulo 6\Comic6_007\panel_3.jpg,Escoria is turned back and looks at Edrei's legs on an arena scenario,
..\train\data\output\divide_images_train\Capitulo 6\Comic6_008\panel_1.jpg,Edrei points with his wand. Edrei looks wounded and hurted. A lightning impacts the floor near a chimera. A chimera jumps and evade the lightning,THOOM!!
..\train\data\output\divide_images_train\Capitulo 6\Comic6_008\panel_2.jpg,A beast tail flush the air,
..\train\data\output\divide_images_train\Capitulo 6\Comic6_008\panel_3.jpg,A beast tail impacts Escoria. Escoria defends herself with both arms. Escoria blocks the attack with arms and the sword,
..\train\data\output\divide_images_train\Capitulo 6\Comic6_009\panel_1.jpg,Escoria is pushed away with force. Escoria blocks the attack. A chimera looks back. A shiny pendant bights from a chimera's neck. Escoria shouts,¡¡EDREI!! EN EL CUELLO TIENE ALGO ¿¡QUÉ ES?!
..\train\data\output\divide_images_train\Capitulo 6\Comic6_009\panel_2.jpg,Edrei places his hand as a visor and sharpens his gaze,¿CUELLO?
..\train\data\output\divide_images_train\Capitulo 6\Comic6_009\panel_3.jpg,A gold pendant with an emerald shines in green magic inside a bunch of hair,
..\train\data\output\divide_images_train\Capitulo 6\Comic6_009\panel_4.jpg,Edrei's face looks shocked and surprised,
..\train\data\output\divide_images_train\Capitulo 6\Comic6_010\panel_1.jpg,Edrei shouts holding a magic wand. A Chimera jumps and attacks with its claws. Edrei narrowly dodges with a comical look of distress,¡¡ES UN SELLO MÁGICO!! AAAH!!! ESQUIVA
..\train\data\output\divide_images_train\Capitulo 6\Comic6_010\panel_2.jpg,A claw is about to attack Edrei. Edrei looks concerned and tired,...¡¡ALGUIEN LA ESTÁ CONTROLANDO!!
..\train\data\output\divide_images_train\Capitulo 6\Comic6_010\panel_3.jpg,A rock is smashing a beast claw, PAM!!
..\train\data\output\divide_images_train\Capitulo 6\Comic6_010\panel_4.jpg,Escoria runs forward holding a sword an making a furious face,
..\train\data\output\divide_images_train\Capitulo 6\Comic6_010\panel_5.jpg,Escoria stands near Edrei with a tired expression. Edrei looks surprised, BUSCA QUIEN LO CONTROLA. YO ME ENCARGO DE LA CRIATURA
..\train\data\output\divide_images_train\Capitulo 6\Comic6_011\panel_1.jpg,Escoria swings her sword in front of a chimera. A chimera is roaring. Edrei runs holding a wand looking around him. Escoria shouts  in fury and a shine like fire is covering her,AAAAAAAAAAAARGHHH!!!
..\train\data\output\divide_images_train\Capitulo 6\Comic6_011\panel_2.jpg,A lot of flames are arounding a woman with a sword,
..\train\data\output\divide_images_train\Capitulo 6\Comic6_011\panel_3.jpg,Edrei look back him with a surprised and scary face,
..\train\data\output\divide_images_train\Capitulo 7\Comic7_001\panel_1.jpg,Escoria stands and walks with flames around her,
..\train\data\output\divide_images_train\Capitulo 7\Comic7_001\panel_2.jpg,A chimera groans and shows its teeth. A beast claw is attacking,GRRRRRR...
..\train\data\output\divide_images_train\Capitulo 7\Comic7_001\panel_2.jpg,Escoria looks intimidating to the front and has fire around her,
..\train\data\output\divide_images_train\Capitulo 7\Comic7_001\panel_4.jpg,A chimera claw is touching a shoulder. The shoulder is burning and despites hot flames,
..\train\data\output\divide_images_train\Capitulo 7\Comic7_002\panel_1.jpg,A scared chimera withdraws its paw. The paw is smoking and has been burned by the heat,
..\train\data\output\divide_images_train\Capitulo 7\Comic7_002\panel_2.jpg,Escoria stands in a powerful pose and looks serious to the front. The are flames around Escoria,MIENTRAS TANTO
..\train\data\output\divide_images_train\Capitulo 7\Comic7_002\panel_3.jpg,Edrei is casting a spell. Edrei's pendant shines with magic. Edrei holds a wand with his hand,
..\train\data\output\divide_images_train\Capitulo 7\Comic7_003\panel_1.jpg,A elf holds a wand and cast a magic spell around a lot of people. The magic wand brights green,
..\train\data\output\divide_images_train\Capitulo 7\Comic7_003\panel_2.jpg,Escoria runs holding her sword surrounded by flames,
..\train\data\output\divide_images_train\Capitulo 7\Comic7_003\panel_3.jpg,A chimera is runing in fear. A fire blight shows in it's body,
..\train\data\output\divide_images_train\Capitulo 7\Comic7_003\panel_4.jpg,Escoria attacks with a fire sword. The sword has flames in the edge. There are flames around the scene,
..\train\data\output\divide_images_train\Capitulo 7\Comic7_004\panel_1.jpg,A chimera looks scared at the fire,
..\train\data\output\divide_images_train\Capitulo 7\Comic7_004\panel_2.jpg,Escoria jumps into the fire holding a sword. Escoria attacks a chimera woth a fire sword. The sword has flames on its edge. A chimera is wounded by a sword,
..\train\data\output\divide_images_train\Capitulo 7\Comic7_004\panel_3.jpg,A chimera screams into a bunch of flames. Fire is around and burns a chimera,
..\train\data\output\divide_images_train\Capitulo 7\Comic7_005\panel_1.jpg,A beast is lied on the floor and flames are burning it,
..\train\data\output\divide_images_train\Capitulo 7\Comic7_005\panel_2.jpg,Escoria holds a sword. The sword has flames on its edge. A beast is burning on the floor,
..\train\data\output\divide_images_train\Capitulo 7\Comic7_005\panel_3.jpg,Edrei looks worried at his side,¿ESCORIA?
..\train\data\output\divide_images_train\Capitulo 7\Comic7_005\panel_4.jpg,Edrei is running in a arena with his hands lifted,
..\train\data\output\divide_images_train\Capitulo 7\Comic7_006\panel_1.jpg,Edrei and Escoria are crossing a iron gate. Edrei and Escoria are speaking,VI A QUIÉN CONJURABA A LA MANTÍCORA. ERA UN ELFO
..\train\data\output\divide_images_train\Capitulo 7\Comic7_006\panel_2.jpg,Escoria stands with an angry face,BUSQUÉMOSLE. NOS DEBE UN PAR DE RESPUESTAS
..\train\data\output\divide_images_train\Capitulo 7\Comic7_006\panel_3.jpg,Escoria and Edrei are hidden near the bottom of a staircase,
..\train\data\output\divide_images_train\Capitulo 7\Comic7_007\panel_1.jpg,An elf walks down a staircase with a concerned face,ES ESE
..\train\data\output\divide_images_train\Capitulo 7\Comic7_007\panel_2.jpg,Escoria stands behind a man with a long black hair,
..\train\data\output\divide_images_train\Capitulo 7\Comic7_007\panel_3.jpg,Escoria puts her hand in a elf's face to shout him. Escoria looks angry and decided. The elf looks surprised,HMM!!
..\train\data\output\divide_images_train\Capitulo 7\Comic7_007\panel_4.jpg,A hand takes a stick from a belt,
..\train\data\output\divide_images_train\Capitulo 7\Comic7_007\panel_5.jpg,Edrei smiles and holds a wand,¿NO TE DIJERON EN LA ESCUELA DE MAGIA QUE TENÍAS QUE CUIDAR DE TU VARITA?
..\train\data\output\divide_images_train\Capitulo 7\Comic7_007\panel_6.jpg,Escoria has her hand on a man's mouth. Escoria has an angry and intimidating face. A elf looks scared,TÚ Y YO VAMOS A TENER UNA CHARLA PRIVADA ¿TE PARECE?
..\train\data\output\divide_images_train\Capitulo 8\Comic8_001\panel_1.jpg,A man with a red jacket is standing looking throw a window with green curtains,
..\train\data\output\divide_images_train\Capitulo 8\Comic8_001\panel_2.jpg,A luxury door with ornaments is half open,MI SEÑOR. HA LLEGADO
..\train\data\output\divide_images_train\Capitulo 8\Comic8_002\panel_1.jpg,A man with a red jacket is standing looking throw a window with green curtains,
..\train\data\output\divide_images_train\Capitulo 8\Comic8_002\panel_2.jpg,A elf with a black suit crosses a luxury door with serious expression,
..\train\data\output\divide_images_train\Capitulo 8\Comic8_002\panel_3.jpg,E elf is looking throw a room with a library and a desktop with a big painting of a man on the wall,
..\train\data\output\divide_images_train\Capitulo 8\Comic8_003\panel_1.jpg,A man with a red jacket and white eyes is standing in front of a window,
..\train\data\output\divide_images_train\Capitulo 8\Comic8_003\panel_2.jpg,,ESPERO QUE SEAS CAPAZ DE HACER LO QUE DICES SER CAPAZ. CUESTAS DEMASIADO
..\train\data\output\divide_images_train\Capitulo 8\Comic8_003\panel_3.jpg,A elf stands with his arms crossed and a quiet face,LE ASEGURO QUE MIS HONORARIOS SON UN REFLEJO DE MIS CAPACIDADES. MI SEÑOR
..\train\data\output\divide_images_train\Capitulo 8\Comic8_003\panel_4.jpg,A man with white eyes and a red jacket stands in front of a window. Furrows his brow,
..\train\data\output\divide_images_train\Capitulo 8\Comic8_004\panel_1.jpg,A decorated desktop with a small sack on it and luxurious chair, COGE LA BOLSA DE MONEDAS DEL ESCRITORIO. AHÍ TIENES LA MITAD. LA OTRA MITAD CUANDO TERMINES EL TRABAJO
..\train\data\output\divide_images_train\Capitulo 8\Comic8_004\panel_2.jpg,,LO QUIERO MUERTO...
..\train\data\output\divide_images_train\Capitulo 8\Comic8_004\panel_3.jpg,A hand grabbing a small sack,ASÍ SE HARÁ
..\train\data\output\divide_images_train\Capitulo 8\Comic8_004\panel_4.jpg,A person crossing a luxury door with golden ornaments,
..\train\data\output\divide_images_train\Capitulo 8\Comic8_005\panel_1.jpg,A man with a shady face and white eyes looks angry in front of a window,VIGÍLALE. YA SABES QUE HACER...
..\train\data\output\divide_images_train\Capitulo 8\Comic8_005\panel_2.jpg,A person with a cloack and a hood hides in the shadows near a green curtain,
..\train\data\output\divide_images_train\Capitulo 8\Comic8_006\panel_1.jpg,A city with oriental buildings and a river,
..\train\data\output\divide_images_train\Capitulo 8\Comic8_006\panel_2.jpg,Escoria holds an elf by the clothes on a ledge over the void with a city in the background,
..\train\data\output\divide_images_train\Capitulo 8\Comic8_006\panel_3.jpg,Escoria threats an elf grabbing him by the clothes,¿QUIÉN TE ORDENÓ HACER ESTO?
..\train\data\output\divide_images_train\Capitulo 8\Comic8_006\panel_4.jpg,Edrei stands with worried and concerned expression,
..\train\data\output\divide_images_train\Capitulo 8\Comic8_007\panel_1.jpg,An elf face shows a sad expression. He's crying,OS LO DIRÉ. OS LO DIRÉ TODO. ¡PERO NO ME TIRES!
..\train\data\output\divide_images_train\Capitulo 8\Comic8_007\panel_2.jpg,An elf has a surprised face with tears. Escoria's face is shocked, NGH!!
..\train\data\output\divide_images_train\Capitulo 8\Comic8_007\panel_3.jpg,Escoria's face is shocked and surprised,
..\train\data\output\divide_images_train\Capitulo 8\Comic8_008\panel_1.jpg,Edrei and Escoria are leaning on a ledge. Edrei shows impacted and surprised. Escoria has a quiet face. A dead body lies with blood on the floor surrounded by people,
..\train\data\output\divide_images_train\Capitulo 8\Comic8_008\panel_2.jpg,Edrei is standing near a ledge with a surprise expression. Escoria leans and show dissapointment,
..\train\data/output/divide_images_train/Capitulo 8/Comic8_008/panel_3.jpg,A corpse is on a pool of blood. Some people walks around,
..\train\data\output\divide_images_train\Capitulo 8\Comic8_008\panel_4.jpg,Escoria is focusing her look on somewhere. A black person is jumping on a building's roof in a city,
..\train\data\output\divide_images_train\Capitulo 8\Comic8_008\panel_5.jpg,Escoria seems surprised and fits her look,
..\train\data\output\divide_images_train\Capitulo 8\Comic8_008\panel_6.jpg,A figure of a person is jumping on a roof in a city,
..\train\data\output\divide_images_train\Capitulo 9\Comic9_001\panel_1.jpg,Escoria stands with a curious expression,!
..\train\data\output\divide_images_train\Capitulo 9\Comic9_001\panel_2.jpg,Edrei stands near a ledge and shows impacted,
..\train\data\output\divide_images_train\Capitulo 9\Comic9_001\panel_3.jpg,Escoria turns her head to the right,
..\train\data\output\divide_images_train\Capitulo 9\Comic9_001\panel_4.jpg,Escoria is grabbing Edrei's arm and walks. Edrei is looking throw a ledge,
..\train\data\output\divide_images_train\Capitulo 9\Comic9_002\panel_1.jpg,Edrei is wanking with a hang grabbing his arm. He looks upset,
..\train\data\output\divide_images_train\Capitulo 9\Comic9_002\panel_2.jpg,Edrei cries with a sad expression,
..\train\data\output\divide_images_train\Capitulo 9\Comic9_003\panel_1.jpg,Escoria and Edrei are walking throw a street by night. Escoria puts her hand in Edrei's shoulder. They are turned back,
..\train\data\output\divide_images_train\Capitulo 9\Comic9_003\panel_2.jpg,A hand push away Edrei. Edrei is walking turned back,¡AY!
..\train\data\output\divide_images_train\Capitulo 9\Comic9_004\panel_1.jpg,A hand is near Edrei. Edrei cries with a scared expression,
..\train\data\output\divide_images_train\Capitulo 9\Comic9_004\panel_2.jpg,Escoria stands with both arma open,¿QUÉ NARICES TE PASA?
..\train\data\output\divide_images_train\Capitulo 9\Comic9_004\panel_3.jpg,Edrei cries with a sad expression and holds his arm,
..\train\data\output\divide_images_train\Capitulo 9\Comic9_005\panel_1.jpg,Edrei is crying with a tired face,
..\train\data\output\divide_images_train\Capitulo 9\Comic9_005\panel_2.jpg,Edrei turns away his head with an angry face. He is crying,
..\train\data\output\divide_images_train\Capitulo 9\Comic9_005\panel_3.jpg,Escoria grunts and looks irritable,
..\train\data\output\divide_images_train\Capitulo 9\Comic9_006\panel_1.jpg,Escoria has her eyes closed and calm expression,DÉJALO. VAMOS...
..\train\data\output\divide_images_train\Capitulo 9\Comic9_006\panel_2.jpg,A street  with a stairway,NO PUDIMOS EVITARLO...
..\train\data\output\divide_images_train\Capitulo 9\Comic9_007\panel_1.jpg,Escoria and Edrei are walking throw a street in the night,
..\train\data\output\divide_images_train\Capitulo 9\Comic9_007\panel_2.jpg,Edrei and Escoria are entering a building with some lights. The building's door is open,
..\train\data\output\divide_images_train\Capitulo 9\Comic9_008\panel_1.jpg,Escoria look back her with a concerned expression. A man is hiding behind a door,
..\train\data\output\divide_images_train\Capitulo 9\Comic9_008\panel_2.jpg,A hand is possed in a door and opens it,
..\train\data\output\divide_images_train\Capitulo 9\Comic9_008\panel_3.jpg,A woman is walking at night throw a termal garden,
..\train\data\output\divide_images_train\Capitulo 9\Comic9_009\panel_1.jpg,A woman is swimming on a zen garden,
..\train\data\output\divide_images_train\Capitulo 9\Comic9_009\panel_2.jpg,A woman is swimming and relax lying her head to a rock,
..\train\data\output\divide_images_train\Capitulo 9\Comic9_010\panel_1.jpg,Edrei is sitted down with his arms en the belly. Edrei is sad.,
..\train\data\output\divide_images_train\Capitulo 9\Comic9_011\panel_1.jpg,Escoria is naked and turned back. He is throwing water to her shoulder on a termal baths,
..\train\data\output\divide_images_train\Capitulo 9\Comic9_011\panel_2.jpg,Edrei lies on a bed with a sad expression and cries,
..\train\data\output\divide_images_train\Capitulo 9\Comic9_011\panel_3.jpg,A black covered book,
..\train\data\output\divide_images_train\Capitulo 9\Comic9_012\panel_1.jpg,Escoria is sleepeng on a bed with red sheets,
..\train\data\output\divide_images_train\Capitulo 9\Comic9_012\panel_2.jpg,Edrei is sanding and looking throw a window. The moon lights in the night,
..\train\data\output\divide_images_train\Capitulo 10\Comic10_001\panel_1.jpg,A ship is sealing throw the sea,
..\train\data\output\divide_images_train\Capitulo 10\Comic10_001\panel_2.jpg,Edrei leans on a wall with a sad expression,
..\train\data\output\divide_images_train\Capitulo 10\Comic10_002\panel_1.jpg,A hand lean on a wall,
..\train\data\output\divide_images_train\Capitulo 10\Comic10_002\panel_2.jpg,Edrei with a sad expression,
..\train\data\output\divide_images_train\Capitulo 10\Comic10_002\panel_3.jpg,Escoria is standing with her arms closed and a relaxed face,
..\train\data\output\divide_images_train\Capitulo 10\Comic10_003\panel_1.jpg,The reflecion of the water,¿TODO BIEN?
..\train\data\output\divide_images_train\Capitulo 10\Comic10_003\panel_2.jpg,Edrei look at his right with a sad expression,
..\train\data\output\divide_images_train\Capitulo 10\Comic10_004\panel_1.jpg,Edrei sights with a sad expression,
..\train\data\output\divide_images_train\Capitulo 10\Comic10_004\panel_2.jpg,Edrei is turned back and talks,¿CÓMO LO HACES? UN ELFO HA MUERTO POR NUESTRA CULPA. Y SU MUERTE NO PARECE HABERTE AFECTADO
..\train\data\output\divide_images_train\Capitulo 10\Comic10_005\panel_1.jpg,Escoria stands with her arms crossed and look at her left with a confused face,
..\train\data\output\divide_images_train\Capitulo 10\Comic10_005\panel_2.jpg,Escoria leans on a wall and talks with a curious expression,Y NO LO HA HECHO. ¿RECUERDAS TU PRIMER BESO? ¿Y EL SEGUNDO?
..\train\data\output\divide_images_train\Capitulo 10\Comic10_005\panel_3.jpg,Edrei looks scared,
..\train\data\output\divide_images_train\Capitulo 10\Comic10_006\panel_1.jpg,Escoria is looking with a curious expression,
..\train\data\output\divide_images_train\Capitulo 10\Comic10_006\panel_2.jpg,Escoria talks with a serious and sad expression,HE MATADO A MUCHOS. HE PARTICIPADO EN BATALLAS Y MIS MANOS ESTAN MANCHADAS DE SANGRE. LO QUE LE OCURRIÓ AL ELFO NO ES CULPA NUESTRA. Y EN EL FONDO LO SABES
..\train\data\output\divide_images_train\Capitulo 10\Comic10_007\panel_1.jpg,The reflection of the water with a shadow on it,LA PRIMERA VEZ QUE MATES DE VERDAD LO RECORDARAS POR SIEMPRE. ES UN PRIMER BESO MUY AMARGO
..\train\data\output\divide_images_train\Capitulo 10\Comic10_008\panel_1.jpg,A hand is reaching a book in a library,
..\train\data\output\divide_images_train\Capitulo 10\Comic10_008\panel_2.jpg,A person holds a book between his hands,
..\train\data\output\divide_images_train\Capitulo 10\Comic10_008\panel_3.jpg,A library with a big window enlightning inside and a carpet on the floor,
..\train\data\output\divide_images_train\Capitulo 10\Comic10_009\panel_1.jpg,A man is studying a book and writing in a library,
..\train\data\output\divide_images_train\Capitulo 10\Comic10_009\panel_2.jpg,A man is writing and a hand grabs a book near him,PLOP
..\train\data\output\divide_images_train\Capitulo 10\Comic10_010\panel_1.jpg,A girl hold her head with the arm and looks curious,MIRA
..\train\data\output\divide_images_train\Capitulo 10\Comic10_010\panel_2.jpg,A girl adjusts her hair with a cheerful gesture,
..\train\data\output\divide_images_train\Capitulo 10\Comic10_010\panel_3.jpg,A man gets scared with a look of surprise,¿TAN DIFÍCIL TE PARECE EL EXAMEN DE TRANSMUTACIÓN? EEEK!
..\train\data\output\divide_images_train\Capitulo 10\Comic10_010\panel_4.jpg,A man has a surprise expression and talks,¡LEAH! QUÉ SUSTO ME HAS DADO...
..\train\data\output\divide_images_train\Capitulo 10\Comic10_011\panel_1.jpg,Notes and a book are on a table with ink on their,QUIERO DESTACAR EN EL EXAMEN. SE RUMOREA QUE EL QUE TENGA UN BUEN RESULTADO TENDRÁ PERMISOS PARA UNA INVESTIGACIÓN
..\train\data\output\divide_images_train\Capitulo 10\Comic10_011\panel_2.jpg,A girl smiles with a happy expression,AAAH. SI ESE RUMOR YA LO HE OÍDO YA
..\train\data\output\divide_images_train\Capitulo 10\Comic10_011\panel_3.jpg,A girl is about to cry with a sad expression,¿Y NO TE IMPORTA QUE SI TE DESTACAS Y TE LLEVAN A LA INVESTIGACIÓN ME DEJARÁS SOLA CON LA PANDA DE IMBÉCILES DE CLASE?
..\train\data\output\divide_images_train\Capitulo 10\Comic10_011\panel_4.jpg,Two men are sitting on a table and laughing. A man and a girl are turned bak seeing at them,EEK!
..\train\data\output\divide_images_train\Capitulo 10\Comic10_012\panel_1.jpg,A man hold his head with his arm with an upset expression,TÚ NO ERES EL PROBLEMA. NO TE MOLESTARÁN. SABES PERFECTAMENTE QUE NO ME SOPORTAN
..\train\data\output\divide_images_train\Capitulo 10\Comic10_012\panel_2.jpg,A girl is looking to her right,YO TAMPOCO LO HAGO. PERO TIENES LOS APUNTES MÁS ORDENADOS DE TODOS. ALGO TENDRÉ QUE SACRIFICAR ¿NO?
..\train\data\output\divide_images_train\Capitulo 10\Comic10_012\panel_3.jpg,A man makes a pain gesture,¡AY! QUÉ CRUEL
..\train\data\output\divide_images_train\Capitulo 10\Comic10_012\panel_4.jpg,A man and a girl are laughing in a library with a fun expression,JAJAJAJA
..\train\data\output\divide_images_train\Capitulo 10\Comic10_012\panel_5.jpg,,!VALE! POR CIERTO. TIENES LA MANO MANCHADA DE TINTA
..\train\data\output\divide_images_train\Capitulo 10\Comic10_013\panel_1.jpg,A man has a shocked and scared expression,
..\train\data\output\divide_images_train\Capitulo 10\Comic10_014\panel_1.jpg,A person is covered with a sheet and blood splites down,
..\train\data\output\divide_images_train\Capitulo 10\Comic10_014\panel_2.jpg,A man is extending his arm with a terror expression. Two soldiers are gabbing him violently,¡¡YO NO QUERÍA!!
..\train\data\output\divide_images_train\Capitulo 10\Comic10_015\panel_2.jpg,Escoria an Edrei are leanning in a wall. Escoria has her arms crossed and a curious expression. Edrei is ytouching his lips and he looked sad,
..\train\data\output\divide_images_train\Capitulo 10\Comic10_015\panel_3.jpg,,.CIERTO. ES UN BESO MUY AMARGO.
..\train\data\output\divide_images_train\Capitulo 10\Comic10_015\panel_4.jpg,Edrei touch his cheek with a sad expression,
..\train\data\output\divide_images_train\Capitulo 11\Comic11_001\panel_1.jpg,Edrei and Escoria are walking due a ship board,
..\train\data\output\divide_images_train\Capitulo 11\Comic11_001\panel_2.jpg,Edrei looks tired. Escoria is holding a leather stripe and seems to be looking forward,CON SUERTE EL CAMINO NO ES MUY LARGO. SI ENCONTRAMOS A ALGUIEN QUE VAYA DIRECTO. SIN PARAR EN OTROS PUEBLOS A COMERCIAR SI. ESO ESTARÍA BIEN
..\train\data\output\divide_images_train\Capitulo 11\Comic11_001\panel_3.jpg,A man leans on a wagon with one horse and greets,
..\train\data\output\divide_images_train\Capitulo 11\Comic11_001\panel_4.jpg,Escoria smiles with a cheerful expression,
..\train\data\output\divide_images_train\Capitulo 11\Comic11_002\panel_1.jpg,A bald man with a gray beard stands with a humble expression,PACO ¿VAS PARA EL PUEBLO?
..\train\data\output\divide_images_train\Capitulo 11\Comic11_002\panel_2.jpg,A bald man with a gray beard smiles with a happy face,SI. YA VA SIENDO HORA DE VOLVER. ES UNA CASUALIDAD AGRADABLE QUE NOS VOLVAMOS A ENCONTRAR
..\train\data\output\divide_images_train\Capitulo 11\Comic11_002\panel_3.jpg,A bald man with a gray beard has a curious face,?
..\train\data\output\divide_images_train\Capitulo 11\Comic11_002\panel_4.jpg,Edrei looks upset and sad,
..\train\data\output\divide_images_train\Capitulo 11\Comic11_003\panel_1.jpg,Escoria is going up a wagon near a horse. A bald bearded man point inside. Edrei walks turned back near a wagon's wheel,SUBID PA'RRIBA. QUE SALIMOS YA ¡ARRIBA!
..\train\data\output\divide_images_train\Capitulo 11\Comic11_003\panel_2.jpg,Escoria is sitted sharpening her sword. A bald bearded man hold a leather stripes,
..\train\data\output\divide_images_train\Capitulo 11\Comic11_003\panel_3.jpg,A bald man with a beard looks back himself. Edrei is reading a book,
..\train\data\output\divide_images_train\Capitulo 11\Comic11_004\panel_1.jpg,Edrei has a tired expression,NO HA SIDO ESPECIALMENTE AGRADABLE
..\train\data\output\divide_images_train\Capitulo 11\Comic11_004\panel_2.jpg,A bald man with a beard laughs funny,ESO SIEMPRE DECÍA MI MADRE
..\train\data\output\divide_images_train\Capitulo 11\Comic11_004\panel_3.jpg,Edrei's face looks upset and sad,
..\train\data\output\divide_images_train\Capitulo 11\Comic11_004\panel_4.jpg,Edrei turns his head with a tired face,
..\train\data\output\divide_images_train\Capitulo 11\Comic11_004\panel_5.jpg,Escoria turns her head back and look with a sad expression,
..\train\data\output\divide_images_train\Capitulo 11\Comic11_005\panel_1.jpg,Escoria turns her head back and look with a sad expression,EDREI. NO LO HEMOS HABLADO. ¿PORQUE QUERÍAN MATARTE?
..\train\data\output\divide_images_train\Capitulo 11\Comic11_005\panel_2.jpg,A bearded bald man has a shocked and surprised expression,
..\train\data\output\divide_images_train\Capitulo 11\Comic11_005\panel_3.jpg,Edrei looks down and tired,NO LO SÉ
..\train\data\output\divide_images_train\Capitulo 11\Comic11_005\panel_4.jpg,Escoria turns back herself with an aggresive and impatient look,¿DINERO. VENGANZA? SE QUE VIENES DE FAMILIA RICA. PERO NUNCA TE LO HE PREGUNTADO. PENSABA QUE ABANDONARÍAS A LA PRIMERA DE CAMBIO
..\train\data\output\divide_images_train\Capitulo 11\Comic11_006\panel_1.jpg,Edrei closes a book and look behind his shoulder,¿CREES QUE PUEDE SER POR MI FAMILIA?
..\train\data\output\divide_images_train\Capitulo 11\Comic11_006\panel_2.jpg,Escoria turns herself back with a worried face,ES UNA POSIBILIDAD ¿DE QUÉ FAMILIA VIENES? NO ES QUE FALTE NOBLEZA EN ESTE IMPERIO
..\train\data\output\divide_images_train\Capitulo 11\Comic11_006\panel_3.jpg,Edrei closes a book and looks up his shoulder,GREYHERZ MI MADRES ES LA PRIMA HERMANA DE LA EMPERATRIZ LUREENE VON DREICHEN
..\train\data\output\divide_images_train\Capitulo 11\Comic11_006\panel_4.jpg,A bald man with a gray beard shivers and has a shocked face,
..\train\data\output\divide_images_train\Capitulo 11\Comic11_006\panel_5.jpg,A bald man with a beard look back his shoulder and has a nervous expression,CONFIANZA
..\train\data\output\divide_images_train\Capitulo 11\Comic11_007\panel_1.jpg,Escoria is sitted. Palms her face and holds a sword between her legs,SUSPIRA Y CLARO ESO NO ES MOTIVO PARA MATARTE
..\train\data\output\divide_images_train\Capitulo 11\Comic11_007\panel_2.jpg,Escoria shouts with a furious expression,SI ME PAGASEN POR CADA INTENTO DE ASESINATO ENTRE NOBLES...
..\train\data\output\divide_images_train\Capitulo 11\Comic11_007\panel_3.jpg,A village in the midle of the forest. Smoke are lifting to the sky on the village,
..\train\data\output\divide_images_train\Capitulo 11\Comic11_008\panel_1.jpg,Escoria and a bearded man are sitted on a wagon,
..\train\data\output\divide_images_train\Capitulo 11\Comic11_008\panel_2.jpg,Escoria shouts in hurry,¡RÁPIDO VIENE DEL PUEBLO! ESPERO QUE SE LE OLVIDASE A ALGUIEN UN FUEGO O QUE ESTÉN CELEBRANDO ALGO
..\train\data\output\divide_images_train\Capitulo 11\Comic11_008\panel_3.jpg,A man with a beard has a shock and surprised expression,
..\train\data\output\divide_images_train\Capitulo 11\Comic11_008\panel_4.jpg,Smoke,
..\train\data\output\divide_images_train\Capitulo 11\Comic11_008\panel_5.jpg,A village is burning and fire is coming out the windows,
..\train\data\output\divide_images_train\Capitulo 11\Comic11_009\panel_1.jpg,Escoria Edrei and a bald man with a beard are near a wagon in a burned town. Escoria holds a sword and the man puts his hands on the head,
..\train\data\output\divide_images_train\Capitulo 11\Comic11_009\panel_2.jpg,A boot touch a hand with marks of burn,PLOP
..\train\data\output\divide_images_train\Capitulo 11\Comic11_009\panel_3.jpg,Escoria looks scared and surprised,
..\train\data\output\divide_images_train\Capitulo 11\Comic11_009\panel_4.jpg,A kid lies dead on the floor and a boot touch his arm,
..\train\data\output\divide_images_train\Capitulo 11\Comic11_010\panel_1.jpg,Edrei has a concerned face. Escoria burns in heat with an angry face. A beard bald man looks sad,
..\train\data\output\divide_images_train\Capitulo 11\Comic11_010\panel_2.jpg,,PACO. VE A BUSCAR AYUDA
..\train\data\output\divide_images_train\Capitulo 11\Comic11_010\panel_3.jpg,Escoria has an angry face and has a heat aura around her,YO BUSCARÉ A QUIÉN HIZO ESTO
..\train\data\output\divide_images_train\Capitulo 12\Comic12_001\panel_1.jpg,Escoria walks near a burned building with a serious expression,
..\train\data\output\divide_images_train\Capitulo 12\Comic12_001\panel_2.jpg,Edrei stands near Escoria and look at her with a worried face. Escoria seems angry,
..\train\data\output\divide_images_train\Capitulo 12\Comic12_001\panel_3.jpg,Escoria lift her look with an angry expression,
..\train\data\output\divide_images_train\Capitulo 12\Comic12_002\panel_1.jpg,A minotaur with a golden plate is standing next to a well in a burned village,
..\train\data\output\divide_images_train\Capitulo 12\Comic12_002\panel_2.jpg,A minotaur smiles and look to the front,TE ESPERABA
..\train\data\output\divide_images_train\Capitulo 12\Comic12_002\panel_3.jpg,Escoria takes a sword from her back with a furious expression,
..\train\data\output\divide_images_train\Capitulo 12\Comic12_002\panel_4.jpg,Escoria has an angry face,¿HAS SIDO TÚ?
..\train\data\output\divide_images_train\Capitulo 12\Comic12_003\panel_1.jpg,A minotaur is looking al a dead person,NO TODOS...
..\train\data\output\divide_images_train\Capitulo 12\Comic12_003\panel_2.jpg,Escoria has a furious and angry face,
..\train\data\output\divide_images_train\Capitulo 12\Comic12_003\panel_3.jpg,Escoria swings her sword with fury,
..\train\data\output\divide_images_train\Capitulo 12\Comic12_004\panel_1.jpg,Escoria attacks a minotaur with a sword. The minotaurs defends himself with a shield,
..\train\data\output\divide_images_train\Capitulo 12\Comic12_004\panel_2.jpg,A minotaur charges with a shield and lifts a punch,
..\train\data\output\divide_images_train\Capitulo 12\Comic12_004\panel_3.jpg,The minotaur punches Escoria on the belly with brute force. Escoria holds a sword and look in pain,
..\train\data\output\divide_images_train\Capitulo 12\Comic12_005\panel_1.jpg,Escoria splites blood from her mouth and has a painfull expression,
..\train\data\output\divide_images_train\Capitulo 12\Comic12_005\panel_2.jpg,Escoria steps back at Edrei's side holding her sword. Edrei seems surprised and holds his wand,
..\train\data\output\divide_images_train\Capitulo 12\Comic12_005\panel_3.jpg,Edrei moves her magic wand and cast a spell,
..\train\data\output\divide_images_train\Capitulo 12\Comic12_006\panel_1.jpg,A hoof crackes the floor with a powerful impact,CRACK
..\train\data\output\divide_images_train\Capitulo 12\Comic12_006\panel_2.jpg,A minotaur with a red cape charges forward and lifts his shield,
..\train\data\output\divide_images_train\Capitulo 12\Comic12_006\panel_3.jpg,the minotaur punches Edrei at the stomach with an agry face. Edrei drops his wand and looks scared,APARTA NIÑO
..\train\data\output\divide_images_train\Capitulo 12\Comic12_007\panel_1.jpg,A minotaur with a red cloack pushes away Edrei by brute force,AAAAAAAAAAAAAAHH!!!
..\train\data\output\divide_images_train\Capitulo 12\Comic12_007\panel_2.jpg,Escoria looks impacted and worried. A line of blood is coming out her mouth,EDREI!!!
..\train\data\output\divide_images_train\Capitulo 12\Comic12_008\panel_1.jpg,Edrei lies on the floor without moving in a painful pose,
..\train\data\output\divide_images_train\Capitulo 12\Comic12_008\panel_2.jpg,Escoria has a furious face and looks with rage,¡ME LAS PAGARÁS!
..\train\data\output\divide_images_train\Capitulo 12\Comic12_008\panel_3.jpg,Escoria has a cloack and charges forward with a sword enraged,
..\train\data\output\divide_images_train\Capitulo 12\Comic12_009\panel_1.jpg,The minotaur takes the sword between his arm and chest and smiles. Holds a golden shield,
..\train\data\output\divide_images_train\Capitulo 12\Comic12_009\panel_2.jpg,A golden shield impacts the side of a sword and cracks it,CRACK!!
..\train\data\output\divide_images_train\Capitulo 12\Comic12_009\panel_3.jpg,A minotaur with a red cape and a gold armor smiles,SOLO ERES FUERZA BRUTA
..\train\data\output\divide_images_train\Capitulo 12\Comic12_010\panel_1.jpg,Escoria kneels with both hands on the floor. A strong arm shows its punch,
..\train\data\output\divide_images_train\Capitulo 12\Comic12_010\panel_2.jpg,Escoria shouts in rage and flames start to twistes around her,
..\train\data\output\divide_images_train\Capitulo 12\Comic12_011\panel_1.jpg,A minotaur covers with his red cloack and fire are in front of him,
..\train\data\output\divide_images_train\Capitulo 12\Comic12_011\panel_2.jpg,Escoria breathes heavyly with a furious look,
..\train\data\output\divide_images_train\Capitulo 12\Comic12_011\panel_3.jpg,A red cape smokes in heat,
..\train\data\output\divide_images_train\Capitulo 12\Comic12_012\panel_1.jpg,A minotaur with a golden shield and armor and a red cloac is standing linfting his hand,¿ME TOMARÁS EN SERIO AHORA MUCHACHA?
..\train\data\output\divide_images_train\Capitulo 12\Comic12_012\panel_2.jpg,,CAPÍTULO II : FIN
..\train\data\output\divide_images_train\Capitulo 12-2\Comic12-2_001\panel_1.jpg,A minotaur with a red cape and a golden shield is running forward,
..\train\data\output\divide_images_train\Capitulo 12-2\Comic12-2_001\panel_2.jpg,A minotaur lifts his punch near to Escoria,
..\train\data\output\divide_images_train\Capitulo 12-2\Comic12-2_002\panel_1.jpg,A punch impacts Escoria's stomach with a powerfull blow. Escoria looks shocked,BAAM!!!
..\train\data\output\divide_images_train\Capitulo 12-2\Comic12-2_002\panel_2.jpg,Escoria holds her belly in pain and sploites blood,AGHH!!
..\train\data\output\divide_images_train\Capitulo 12-2\Comic12-2_002\panel_3.jpg,Escoria cries with a painful face. Shows her teeth and blood is coming aout from her lips,
..\train\data\output\divide_images_train\Capitulo 12-2\Comic12-2_002\panel_4.jpg,Escoria runs and charges about to punch in front of her with a furious face,
..\train\data\output\divide_images_train\Capitulo 12-2\Comic12-2_003\panel_1.jpg,Escoria punch a minotaur in the face. The minotaur has a pain expression and his eyes closed. Escoria looks angry and strong,
..\train\data\output\divide_images_train\Capitulo 12-2\Comic12-2_003\panel_2.jpg,Escoria jumps and fights a minotaur. The minotaur is turned back and seems surprised,
..\train\data\output\divide_images_train\Capitulo 12-2\Comic12-2_003\panel_3.jpg,The minotaur blocks an attack with his shield and smiles,
..\train\data\output\divide_images_train\Capitulo 12-2\Comic12-2_004\panel_1.jpg,Escoria punches and attacks with fire a minotaur. The minotaur smiles and blocks the attack with his shield,
..\train\data\output\divide_images_train\Capitulo 12-2\Comic12-2_004\panel_2.jpg,A fire explosion,KABOOOM!!!
..\train\data\output\divide_images_train\Capitulo 12-2\Comic12-2_004\panel_3.jpg,A fire explosion,
..\train\data\output\divide_images_train\Capitulo 12-2\Comic12-2_004\panel_4.jpg,The minotaurs covers himself with a golden shield. Fire comes from his side,
..\train\data\output\divide_images_train\Capitulo 12-2\Comic12-2_004\panel_5.jpg,The minotaur charges with his shield and punch. He smiles,
..\train\data\output\divide_images_train\Capitulo 12-2\Comic12-2_005\panel_1.jpg,A minotaur with a red cloack and a yellow shield punches Escoria with force,
..\train\data\output\divide_images_train\Capitulo 12-2\Comic12-2_005\panel_2.jpg,Escoria flies away and splits blood,
..\train\data\output\divide_images_train\Capitulo 12-2\Comic12-2_005\panel_3.jpg,The minotaur continues charging with his shield,
..\train\data\output\divide_images_train\Capitulo 12-2\Comic12-2_006\panel_1.jpg,Escoria falls near a village and a minotaur is watching her,
..\train\data\output\divide_images_train\Capitulo 12-2\Comic12-2_006\panel_2.jpg,A minotaur runs and grabs the body of Escoria,AGARRA
..\train\data\output\divide_images_train\Capitulo 12-2\Comic12-2_007\panel_1.jpg,Escoria grunts and shows her teeth near a burned house,
..\train\data\output\divide_images_train\Capitulo 12-2\Comic12-2_007\panel_2.jpg,Escoria craches with a wall in a terrible impact. He screams in pain,PAM!!
..\train\data\output\divide_images_train\Capitulo 12-2\Comic12-2_008\panel_1.jpg,A minotaur runs and grabs Escoria's body passing throw a wall and destroying it,
..\train\data\output\divide_images_train\Capitulo 12-2\Comic12-2_008\panel_2.jpg,Escoria crashes her back in a wall,
..\train\data\output\divide_images_train\Capitulo 12-2\Comic12-2_008\panel_3.jpg,Escoria look defeated between a pile of rocks and has a painfull expression,NGH...
..\train\data\output\divide_images_train\Capitulo 12-2\Comic12-2_009\panel_1.jpg,Escoria is sitted on the floor and lifts her feet with an angry face,
..\train\data\output\divide_images_train\Capitulo 12-2\Comic12-2_009\panel_2.jpg,Escoria kicks a minotaur. The minotaur drops his shield and flies away,
..\train\data\output\divide_images_train\Capitulo 12-2\Comic12-2_009\panel_3.jpg,A burned ruins of a house,
..\train\data\output\divide_images_train\Capitulo 12-2\Comic12-2_010\panel_1.jpg,A minotaur with a red cloack kneels on the floor with furious face. He lands in a strong impact,
..\train\data\output\divide_images_train\Capitulo 12-2\Comic12-2_010\panel_2.jpg,Escoria is walking throw a ruins with heat bhighting around her,
..\train\data\output\divide_images_train\Capitulo 12-2\Comic12-2_010\panel_3.jpg,Escoria shouts in fury with rage. Fire is spawning from her back,¡¡TE MATARÉ!!!
..\train\data\output\divide_images_train\Capitulo 12-2\Comic12-2_011\panel_1.jpg,A minotaur with a golden armor and a red cape moves his hands with fire sparks ¡,¡INTENTALO!
..\train\data\output\divide_images_train\Capitulo 12-2\Comic12-2_011\panel_2.jpg,Escoria is running with fire in her arms and shouts furiously,
..\train\data\output\divide_images_train\Capitulo 12-2\Comic12-2_011\panel_3.jpg,A minotaur is running throw fire sparks,
..\train\data\output\divide_images_train\Capitulo 12-2\Comic12-2_012\panel_1.jpg,The minotaur granbs Escoria's face and stomps it to the ground,PLAF!
..\train\data\output\divide_images_train\Capitulo 12-2\Comic12-2_012\panel_2.jpg,A minotaur tands with a golden armor looking from above,SÓLO ERES RABIA Y MÚSCULO
..\train\data\output\divide_images_train\Capitulo 12-2\Comic12-2_012\panel_3.jpg,Escoria lies on the floor wounded and passed away. The floor have cracks on it from an impact,NO HE TENIDO NI QUE USAR MIS ARMAS
