;Palabra_sospechosa
no;189
mejor;48
seri;26
pen;23
buen;20
bien;18
perd;16
trist;16
brutal;14
viv;14
tron;14
sufr;14
disfrut;13
gust;13
odi;13
grand;13
grit;12
feliz;12
impresion;11
falt;11
maravill;11
gan;11
call;10
hermos;10
fuerz;10
sent;10
incendi;10
llor;9
tremend;8
evit;8
mal;8
necesit;7
golp;7
reconstru;7
pes;7
tom;7
mied;6
fracas;6
pel;6
encant;6
propi;6
men;6
oscur;5
don;5
quit;5
segur;5
silenci;5
enfrent;5
avanz;5
alucin;4
cambi;4
tristez;4
ces;4
lament;4
llen;4
felic;4
anim;4
recuper;4
sos;4
mat;4
record;4
olvid;4
got;4
derrot;4
ris;4
apag;4
nervi;4
romp;4
celebr;3
dolor;3
loc;3
violenci;3
super;3
guerr;3
gord;3
agot;3
baj;3
rival;3
complet;3
llant;3
val;3
atras;3
valor;3
brut;3
triunf;3
venc;3
vaci;3
mor;3
festej;3
decepcion;3
renac;3
facil;3
cerc;3
content;3
dur;3
logr;3
alegr;3
amor;2
caer;2
brav;2
palm;2
nervios;2
cierr;2
sublim;2
distanci;2
cerr;2
her;2
dignid;2
plac;2
apen;2
ay;2
confi;2
aplaud;2
gracios;2
apret;2
maldit;2
ansios;2
import;2
consum;2
angusti;2
diner;2
disput;2
ansi;2
siti;2
esplendor;2
sincer;2
inund;2
desgraci;2
expect;2
poder;2
activ;2
impacient;2
grandez;2
torment;2
locur;2
insuper;2
arras;2
destru;2
ignor;2
alivi;2
empuj;1
delici;1
dramat;1
quej;1
expuls;1
victori;1
desesper;1
pobr;1
estepari;1
descans;1
sonris;1
soled;1
apur;1
shock;1
cruel;1
rend;1
ansied;1
negr;1
rabi;1
interes;1
saci;1
inquietud;1
tumb;1
rob;1
pesim;1
estupend;1
sacrifici;1
solitari;1
desarroll;1
escal;1
perfect;1
rastr;1
domini;1
encog;1
optim;1
admir;1
cans;1
aguant;1
bloqu;1
arrob;1
retir;1
comic;1
chist;1
irrespons;1
enajen;1
saqu;1
agrad;1
regal;1
cavern;1
dich;1
feo;1
muert;1
cuchill;1
bruj;1
pele;1
arrepent;1
constern;1
conquist;1
goz;1
fatal;1
prestigi;1
salud;1
preocup;1
progres;1
vil;1
salvament;1
trag;1
prefer;1
avanc;1
pobrez;1
padec;1
crueld;1
fiest;1
manch;1
ciel;1
util;1
ventaj;1
destroz;1
atorment;1
orgasm;1
odise;1
air;1
brom;1
envidi;1
lastim;1
remot;1
terribl;1
fusil;1
emot;1
sub;1
exquisit;1
piqu;1
excelent;1
sabor;1
demoni;1
dram;1
suces;1
repudi;1
vital;1
humild;1
ruin;1
insult;1
notabl;1
moj;1
alej;1
sexual;1
rencor;1
sentimient;1
brusc;1
monstru;1
tosc;1
sucumb;1
desfallec;1
escalofri;1
descorazon;1
protest;1
aprovech;1
devast;1
ceniz;1
nostalgi;1
conflict;1
sombr;1
modern;1
ocult;1
riquez;1
bronc;1
limit;1
enriquec;1
sed;1
